{"Display Name Change": [{"Date": "2022-03-05 01:27:00 UTC", "Display Name": "XoXcutezXoX"}, {"Date": "2021-11-26 02:56:38 UTC", "Display Name": "XoXcutezXoX"}, {"Date": "2019-07-24 02:15:55 UTC", "Display Name": "XoXcutezXoX"}, {"Date": "2019-07-24 02:12:12 UTC", "Display Name": "Rose Pawson"}], "Email Change": [{"Date": "2019-07-24 02:12:41 UTC", "Email Address": "cutezpawson@gmail.com"}], "Mobile Number Change": [{"Date": "2021-11-15 00:07:13 UTC", "Mobile Number": "+64225212873"}, {"Date": "2020-11-12 19:48:36 UTC", "Mobile Number": "+64211783341"}, {"Date": "2019-07-24 02:13:10 UTC", "Mobile Number": "+64272603241"}], "Password Change": [{"Date": "2022-04-02 12:03:20 UTC"}, {"Date": "2022-03-26 06:32:53 UTC"}, {"Date": "2022-03-26 06:08:15 UTC"}, {"Date": "2022-03-19 17:51:40 UTC"}, {"Date": "2022-03-04 13:16:16 UTC"}, {"Date": "2021-11-15 00:09:11 UTC"}, {"Date": "2020-11-12 19:42:42 UTC"}, {"Date": "2020-02-17 06:57:01 UTC"}, {"Date": "2020-01-12 20:28:16 UTC"}, {"Date": "2019-12-18 14:48:28 UTC"}], "Snapchat Linked to Bitmoji": [], "Spectacles": [], "Two-Factor Authentication": [], "Account deactivated / reactivated": []}