{"Basic Information": {"First Name": "", "Last Name": "", "Email": "", "Phone Number": "", "Account Creation Date": "2019-07-30 06:25:26 UTC", "Account Creation User Agent": ""}, "Analytics": {"App Open Count": 0, "Avatar Gender": "female", "Outfit Save Count": 0, "Share Count": 0}, "Terms of Service Acceptance History": [{"Version": "Bitmoji Privacy Policy &amp; Terms of Service - October 15, 2018", "Acceptance Date": "2019-07-30 06:25:26"}], "Search History": [], "Support Cases": [], "Selfies": [], "Keyboard Enable Full Access History (iOS only)": [], "Connected Apps": []}