{"Friends": [{"Username": "k_stone2020", "Display Name": "Krystle Stone", "Creation Timestamp": "2020-01-12 20:29:38 UTC", "Last Modified Timestamp": "2020-01-12 20:29:38 UTC", "Source": "added by added me back"}, {"Username": "smclaughlan6290", "Display Name": "\ud83e\udd75sharlotte \ud83e\udd75", "Creation Timestamp": "2021-10-30 08:42:12 UTC", "Last Modified Timestamp": "2021-10-30 08:42:12 UTC", "Source": "added by suggested"}, {"Username": "sbettjeman", "Display Name": "Stace Hogg", "Creation Timestamp": "2021-10-30 08:41:33 UTC", "Last Modified Timestamp": "2021-10-30 08:41:33 UTC", "Source": "added by added me back"}, {"Username": "ailaclark23", "Display Name": "Aila Grace Clark", "Creation Timestamp": "2021-05-20 22:59:15 UTC", "Last Modified Timestamp": "2021-05-20 22:59:15 UTC", "Source": "added by added me back"}, {"Username": "cherrishw2021", "Display Name": "Mii cherrypie\ud83c\udf52", "Creation Timestamp": "2021-07-05 08:58:43 UTC", "Last Modified Timestamp": "2021-07-22 22:07:16 UTC", "Source": "added by suggested"}, {"Username": "suga_mama749", "Display Name": "\ud83c\udf40\ud83e\udd75cherry\ud83e\udd75\ud83c\udf40", "Creation Timestamp": "2021-11-05 11:27:37 UTC", "Last Modified Timestamp": "2021-11-07 06:00:10 UTC", "Source": "added by added me back"}, {"Username": "petebucksmrs", "Display Name": "Sam", "Creation Timestamp": "2021-10-17 09:59:40 UTC", "Last Modified Timestamp": "2021-10-17 09:59:40 UTC", "Source": "added by added me back"}, {"Username": "og-tfuknydolla", "Display Name": "Tyler Jones", "Creation Timestamp": "2019-09-24 01:49:12 UTC", "Last Modified Timestamp": "2019-09-24 01:49:12 UTC", "Source": "added by added me back"}, {"Username": "teamsnapchat", "Display Name": "Team Snapchat", "Creation Timestamp": "2019-07-24 02:12:12 UTC", "Last Modified Timestamp": "2019-07-24 02:12:12 UTC", "Source": "added by unknown"}, {"Username": "hemi_ruru21", "Display Name": "Hemi Ruru", "Creation Timestamp": "2021-05-11 10:47:34 UTC", "Last Modified Timestamp": "2022-02-19 08:31:21 UTC", "Source": "added by added me back"}, {"Username": "shuawife2021", "Display Name": "Shua Wife", "Creation Timestamp": "2021-10-17 09:59:27 UTC", "Last Modified Timestamp": "2021-10-17 09:59:27 UTC", "Source": "added by added me back"}, {"Username": "cherrish_will19", "Display Name": "Cherrish Williams", "Creation Timestamp": "2019-10-05 02:41:30 UTC", "Last Modified Timestamp": "2019-10-05 02:41:30 UTC", "Source": "added by added me back"}, {"Username": "xo.sequoia", "Display Name": "\ud83d\udd49 Q U O I \ud83c\udf38", "Creation Timestamp": "2019-09-24 18:38:35 UTC", "Last Modified Timestamp": "2019-09-24 18:38:35 UTC", "Source": "added by added me back"}, {"Username": "cherrypie424", "Display Name": "Cherry Pie", "Creation Timestamp": "2019-09-22 03:00:15 UTC", "Last Modified Timestamp": "2019-09-22 03:00:15 UTC", "Source": "added by added me back"}, {"Username": "thomasmcder2019", "Display Name": "Thomas McDermott", "Creation Timestamp": "2019-09-16 10:46:24 UTC", "Last Modified Timestamp": "2019-09-16 10:46:24 UTC", "Source": "added by added me back"}, {"Username": "fishkillah866", "Display Name": "THOMAS(866)", "Creation Timestamp": "2021-06-12 21:10:45 UTC", "Last Modified Timestamp": "2021-06-12 21:10:45 UTC", "Source": "added by added me back"}, {"Username": "benson_wood15", "Display Name": "Benson Wood", "Creation Timestamp": "2021-10-17 09:59:48 UTC", "Last Modified Timestamp": "2021-10-17 09:59:48 UTC", "Source": "added by added me back"}, {"Username": "ailabettjeman", "Display Name": "Aila Bettjeman", "Creation Timestamp": "2021-07-01 11:11:40 UTC", "Last Modified Timestamp": "2021-07-01 11:11:40 UTC", "Source": "added by added me back"}, {"Username": "mcg-nelebay", "Display Name": "MCG The Gemini", "Creation Timestamp": "2019-07-24 08:51:23 UTC", "Last Modified Timestamp": "2019-07-24 08:51:23 UTC", "Source": "added by username"}, {"Username": "clayton.erceg7", "Display Name": "Riddick", "Creation Timestamp": "2021-11-25 08:19:37 UTC", "Last Modified Timestamp": "2021-11-25 08:19:37 UTC", "Source": "added by added me back"}, {"Username": "subie_ganggang", "Display Name": "Tamati Ruru", "Creation Timestamp": "2021-10-31 10:31:31 UTC", "Last Modified Timestamp": "2021-10-31 10:31:31 UTC", "Source": "added by suggested"}, {"Username": "brady.rodger", "Display Name": "Brady EmpireAudio", "Creation Timestamp": "2019-09-14 22:47:30 UTC", "Last Modified Timestamp": "2019-09-14 22:47:30 UTC", "Source": "added by added me back"}, {"Username": "jessiefrater", "Display Name": "Fritty", "Creation Timestamp": "2021-10-17 09:59:30 UTC", "Last Modified Timestamp": "2021-10-17 09:59:30 UTC", "Source": "added by added me back"}, {"Username": "todd7121", "Display Name": "Hayley Todd", "Creation Timestamp": "2021-07-01 11:11:47 UTC", "Last Modified Timestamp": "2021-07-01 11:11:47 UTC", "Source": "added by added me back"}, {"Username": "cherrishwilli19", "Display Name": "Cherrish Williams", "Creation Timestamp": "2019-12-31 07:58:14 UTC", "Last Modified Timestamp": "2019-12-31 07:58:14 UTC", "Source": "added by unknown"}, {"Username": "filflowlux", "Display Name": "brad\ud83d\ude0e\ud83d\udc80", "Creation Timestamp": "2021-10-17 10:00:11 UTC", "Last Modified Timestamp": "2021-10-17 10:00:11 UTC", "Source": "added by added me back"}, {"Username": "julzpurves2019", "Display Name": "Julz Purves", "Creation Timestamp": "2021-05-20 22:59:59 UTC", "Last Modified Timestamp": "2021-05-20 22:59:59 UTC", "Source": "added by added me back"}, {"Username": "puku.28", "Display Name": "Slade Kelly", "Creation Timestamp": "2019-07-24 02:17:19 UTC", "Last Modified Timestamp": "2019-07-24 02:17:19 UTC", "Source": "added by username"}, {"Username": "nickorish1", "Display Name": "Nick Pawson", "Creation Timestamp": "2019-10-22 22:02:17 UTC", "Last Modified Timestamp": "2019-10-22 22:02:17 UTC", "Source": "added by group chat"}, {"Username": "deijahn323", "Display Name": "deijahn323", "Creation Timestamp": "2021-10-17 09:59:22 UTC", "Last Modified Timestamp": "2021-10-17 09:59:22 UTC", "Source": "added by added me back"}, {"Username": "beatiger", "Display Name": "Nick", "Creation Timestamp": "2021-11-10 17:17:36 UTC", "Last Modified Timestamp": "2021-11-10 17:17:36 UTC", "Source": "added by added me back"}, {"Username": "cutez-petal", "Display Name": "XoXcutezXoX", "Creation Timestamp": "2019-07-24 02:12:12 UTC", "Last Modified Timestamp": "2019-07-24 02:12:12 UTC", "Source": "added by unknown"}, {"Username": "pixcbaybee", "Display Name": "Leah Stuart", "Creation Timestamp": "2020-03-15 22:23:34 UTC", "Last Modified Timestamp": "2020-03-15 22:23:34 UTC", "Source": "added by added me back"}, {"Username": "krystleannstone", "Display Name": "Krystle Stone", "Creation Timestamp": "2019-12-15 04:00:01 UTC", "Last Modified Timestamp": "2019-12-15 04:00:01 UTC", "Source": "added by added me back"}, {"Username": "milky1080", "Display Name": "milky", "Creation Timestamp": "2021-09-02 01:55:06 UTC", "Last Modified Timestamp": "2021-09-02 01:55:06 UTC", "Source": "added by added me back"}, {"Username": "cherry_piexx", "Display Name": "Cherry Williams", "Creation Timestamp": "2020-03-15 22:23:20 UTC", "Last Modified Timestamp": "2020-03-15 22:23:20 UTC", "Source": "added by added me back"}], "Friend Requests Sent": [{"Username": "amani_082", "Display Name": "Amani\ud83e\udd12\ud83d\ude1c\u2728", "Creation Timestamp": "2021-11-17 10:44:03 UTC", "Last Modified Timestamp": "2021-11-18 02:39:18 UTC", "Source": "added by suggested"}, {"Username": "nikhilodeon12", "Display Name": "N\u012aK", "Creation Timestamp": "2021-05-31 16:15:09 UTC", "Last Modified Timestamp": "2021-05-31 16:15:09 UTC", "Source": "added from public profile"}, {"Username": "shel.shel12", "Display Name": "\ud83d\udc8e\ud83d\udc9b$h\u00e8\u0142\u0142\u00ffgh\u0113\ud83d\udc9b\ud83d\udc8e", "Creation Timestamp": "2021-10-17 10:00:04 UTC", "Last Modified Timestamp": "2021-10-17 10:01:00 UTC", "Source": "added by added me back"}, {"Username": "aila6928", "Display Name": "Ailaclark", "Creation Timestamp": "2021-07-05 08:58:15 UTC", "Last Modified Timestamp": "2021-07-05 08:58:15 UTC", "Source": "added by suggested"}, {"Username": "dunxwestcoast", "Display Name": "Nicola Duncan", "Creation Timestamp": "2021-10-31 10:30:53 UTC", "Last Modified Timestamp": "2021-12-16 18:28:20 UTC", "Source": "added by suggested"}, {"Username": "dragonbaby88", "Display Name": "", "Creation Timestamp": "2019-07-24 03:03:06 UTC", "Last Modified Timestamp": "2019-07-24 03:03:06 UTC", "Source": "added by username"}, {"Username": "bmdubleyew", "Display Name": "BeEmZ", "Creation Timestamp": "2019-11-24 13:34:35 UTC", "Last Modified Timestamp": "2020-05-22 04:17:01 UTC", "Source": "added by added me back"}, {"Username": "paigepiskin", "Display Name": "\ud83d\udc2f Paige Piskin \ud83d\udc2f", "Creation Timestamp": "2021-05-31 16:11:31 UTC", "Last Modified Timestamp": "2021-05-31 16:11:31 UTC", "Source": "added from public profile"}, {"Username": "shayla_pawson", "Display Name": "Shayla-rose \ud83e\udd1f", "Creation Timestamp": "2021-12-02 03:51:37 UTC", "Last Modified Timestamp": "2021-12-12 20:35:04 UTC", "Source": "added by added me back"}, {"Username": "salty_babe", "Display Name": "Kaylei :)", "Creation Timestamp": "2019-10-05 07:01:35 UTC", "Last Modified Timestamp": "2021-08-01 12:26:34 UTC", "Source": "added by added me back"}, {"Username": "pianika_xoxo", "Display Name": "Pianika Wihongi", "Creation Timestamp": "2021-11-17 10:44:14 UTC", "Last Modified Timestamp": "2021-11-17 10:44:14 UTC", "Source": "added by suggested"}, {"Username": "spawson46", "Display Name": "Shayla Pawson", "Creation Timestamp": "2019-07-31 06:47:56 UTC", "Last Modified Timestamp": "2020-07-28 01:24:04 UTC", "Source": "added by username"}, {"Username": "madieemck", "Display Name": ":)", "Creation Timestamp": "2021-12-03 00:48:40 UTC", "Last Modified Timestamp": "2022-01-02 10:21:59 UTC", "Source": "added by group chat"}, {"Username": "knkdms", "Display Name": "Deb", "Creation Timestamp": "2021-12-21 07:16:27 UTC", "Last Modified Timestamp": "2021-12-21 07:16:27 UTC", "Source": "added by suggested"}], "Blocked Users": [{"Username": "brunton53", "Display Name": "Dillon Brunton", "Creation Timestamp": "2021-06-12 21:11:49 UTC", "Last Modified Timestamp": "2021-06-12 21:12:27 UTC", "Source": "added by username"}, {"Username": "dillonbrunt2021", "Display Name": "Dillon Brunton", "Creation Timestamp": "2021-10-17 09:58:53 UTC", "Last Modified Timestamp": "2022-01-08 01:10:25 UTC", "Source": "added by added me back"}], "Deleted Friends": [{"Username": "mwdooleymw", "Display Name": "Tom Dooley", "Creation Timestamp": "2021-05-11 10:47:51 UTC", "Last Modified Timestamp": "2022-01-08 05:12:03 UTC", "Source": "added by added me back"}, {"Username": "baby_bear001", "Display Name": "Craig Douglas", "Creation Timestamp": "2019-07-25 01:50:24 UTC", "Last Modified Timestamp": "2022-03-26 05:18:48 UTC", "Source": "added by username"}, {"Username": "brett_drake2021", "Display Name": "Drake", "Creation Timestamp": "2021-12-21 07:16:32 UTC", "Last Modified Timestamp": "2022-01-08 00:46:44 UTC", "Source": "added by suggested"}, {"Username": "marley_kemp", "Display Name": "Marley Kemp", "Creation Timestamp": "2021-11-07 02:43:42 UTC", "Last Modified Timestamp": "2021-11-26 10:51:08 UTC", "Source": "added by added me back"}, {"Username": "hardness907", "Display Name": "Hops", "Creation Timestamp": "2021-12-21 07:16:34 UTC", "Last Modified Timestamp": "2022-01-08 00:46:34 UTC", "Source": "added by suggested"}, {"Username": "jakehsv8", "Display Name": "Jake", "Creation Timestamp": "2019-07-24 06:29:43 UTC", "Last Modified Timestamp": "2021-05-11 10:46:27 UTC", "Source": "added by username"}, {"Username": "butcher679", "Display Name": "Brett", "Creation Timestamp": "2019-12-29 09:34:54 UTC", "Last Modified Timestamp": "2020-01-02 04:32:12 UTC", "Source": "added by username"}, {"Username": "shaewally20", "Display Name": "Wally", "Creation Timestamp": "2021-12-26 08:07:21 UTC", "Last Modified Timestamp": "2022-01-08 00:46:26 UTC", "Source": "added by suggested"}, {"Username": "anastasiaelley", "Display Name": "Bust", "Creation Timestamp": "2022-03-19 21:14:56 UTC", "Last Modified Timestamp": "2022-03-26 05:52:31 UTC", "Source": "added by suggested"}, {"Username": "pepperrose2019", "Display Name": "\u2115\ud835\udd56\ud835\udd67\ud835\udd52\ud835\udd56\ud835\udd59\u2728", "Creation Timestamp": "2019-10-22 21:59:07 UTC", "Last Modified Timestamp": "2021-10-31 12:11:14 UTC", "Source": "added by unknown"}, {"Username": "jakethepuff", "Display Name": "jake The Puff", "Creation Timestamp": "2021-05-12 08:57:26 UTC", "Last Modified Timestamp": "2022-01-02 02:25:53 UTC", "Source": "added by display name"}, {"Username": "yeeoowkapiti", "Display Name": "Bronson K", "Creation Timestamp": "2022-01-10 12:27:58 UTC", "Last Modified Timestamp": "2022-01-10 12:37:07 UTC", "Source": "added by added me back"}, {"Username": "ajg1863", "Display Name": "Amber Gibson", "Creation Timestamp": "2021-10-30 08:41:58 UTC", "Last Modified Timestamp": "2021-11-01 01:48:29 UTC", "Source": "added by suggested"}, {"Username": "nicrfbclark", "Display Name": "Free Ranged", "Creation Timestamp": "2021-05-11 10:47:56 UTC", "Last Modified Timestamp": "2022-01-02 02:28:08 UTC", "Source": "added by added me back"}, {"Username": "ceedubc", "Display Name": "Chris Corfield", "Creation Timestamp": "2022-03-19 14:46:50 UTC", "Last Modified Timestamp": "2022-03-26 05:18:38 UTC", "Source": "added by added me back"}, {"Username": "tocher44", "Display Name": "Kody", "Creation Timestamp": "2021-05-11 10:48:07 UTC", "Last Modified Timestamp": "2022-01-02 02:28:40 UTC", "Source": "added by added me back"}, {"Username": "dale_gibson8708", "Display Name": "Dale Gibson", "Creation Timestamp": "2021-05-28 11:06:43 UTC", "Last Modified Timestamp": "2022-01-02 02:27:44 UTC", "Source": "added by added me back"}], "Hidden Friend Suggestions": [{"Username": "blackmore.gemma", "Display Name": "Gemma \ud83d\udc8eBlackmore", "Creation Timestamp": "", "Last Modified Timestamp": "", "Source": "added by unknown"}, {"Username": "aila.graceclark", "Display Name": "ailagraceclark", "Creation Timestamp": "", "Last Modified Timestamp": "", "Source": "added by unknown"}, {"Username": "alishagm07", "Display Name": "Alisha Gifford-Moore", "Creation Timestamp": "", "Last Modified Timestamp": "", "Source": "added by unknown"}, {"Username": "haldossri502", "Display Name": "\u062d\u0645\u062f \u0627\u0644\u062f\u0648\u0633\u0631\u064a", "Creation Timestamp": "", "Last Modified Timestamp": "", "Source": "added by unknown"}, {"Username": "iam.wet", "Display Name": "Iam Wet", "Creation Timestamp": "", "Last Modified Timestamp": "", "Source": "added by unknown"}, {"Username": "madison.cumming", "Display Name": "Madison \ud83c\udf3b", "Creation Timestamp": "", "Last Modified Timestamp": "", "Source": "added by unknown"}, {"Username": "oosuka", "Display Name": "Oscar S.k", "Creation Timestamp": "", "Last Modified Timestamp": "", "Source": "added by unknown"}, {"Username": "elpocketzbig8", "Display Name": "Maurice Merrick", "Creation Timestamp": "", "Last Modified Timestamp": "", "Source": "added by unknown"}, {"Username": "baad_dogg345", "Display Name": "Baad Az", "Creation Timestamp": "", "Last Modified Timestamp": "", "Source": "added by unknown"}, {"Username": "carmenhooroo", "Display Name": "Carmen Greenland", "Creation Timestamp": "", "Last Modified Timestamp": "", "Source": "added by unknown"}, {"Username": "jasmyn.gsr", "Display Name": "Jasmyn \ud83d\udda4", "Creation Timestamp": "", "Last Modified Timestamp": "", "Source": "added by unknown"}, {"Username": "taylahart19", "Display Name": "Tayla Hart", "Creation Timestamp": "", "Last Modified Timestamp": "", "Source": "added by unknown"}, {"Username": "faaaiithhh", "Display Name": "Faith Wainhouse", "Creation Timestamp": "", "Last Modified Timestamp": "", "Source": "added by unknown"}, {"Username": "lukeross_1", "Display Name": "ROSSCROSS\ud83d\udc17\ud83d\udc17", "Creation Timestamp": "", "Last Modified Timestamp": "", "Source": "added by unknown"}, {"Username": "abbyxxlol123", "Display Name": "IDon\u2019tReally UseThisAccount", "Creation Timestamp": "", "Last Modified Timestamp": "", "Source": "added by unknown"}, {"Username": "amandaunder29", "Display Name": "Panda (Thenicegirl)", "Creation Timestamp": "", "Last Modified Timestamp": "", "Source": "added by unknown"}, {"Username": "stevengibson25", "Display Name": "Steven Gibson", "Creation Timestamp": "", "Last Modified Timestamp": "", "Source": "added by unknown"}, {"Username": "domievboi", "Display Name": "Domie", "Creation Timestamp": "", "Last Modified Timestamp": "", "Source": "added by unknown"}, {"Username": "liamcbhs", "Display Name": "Liam Collett", "Creation Timestamp": "", "Last Modified Timestamp": "", "Source": "added by unknown"}, {"Username": "dj-gugich", "Display Name": "Dj \ud83d\udc95", "Creation Timestamp": "", "Last Modified Timestamp": "", "Source": "added by unknown"}, {"Username": "amy.aimz21", "Display Name": "Amy", "Creation Timestamp": "", "Last Modified Timestamp": "", "Source": "added by unknown"}, {"Username": "akadhim180", "Display Name": "Ayadkadhim Kadhim", "Creation Timestamp": "", "Last Modified Timestamp": "", "Source": "added by unknown"}, {"Username": "menacemansion", "Display Name": "Onamish!!", "Creation Timestamp": "", "Last Modified Timestamp": "", "Source": "added by unknown"}, {"Username": "premium_d19", "Display Name": "Premium Daniela", "Creation Timestamp": "", "Last Modified Timestamp": "", "Source": "added by unknown"}, {"Username": "bruce000087", "Display Name": "Bruce Lee", "Creation Timestamp": "", "Last Modified Timestamp": "", "Source": "added by unknown"}, {"Username": "ckamara16", "Display Name": "9/11 slayer \ud83d\ude0e\ud83d\ude0e\ud83e\udd74\ud83e\udd74\ud83e\udd74", "Creation Timestamp": "", "Last Modified Timestamp": "", "Source": "added by unknown"}, {"Username": "connor.arnold15", "Display Name": "Connor \ud83d\udd35\u26ab\ufe0f", "Creation Timestamp": "", "Last Modified Timestamp": "", "Source": "added by unknown"}, {"Username": "mia_caferia19", "Display Name": "mia caferia", "Creation Timestamp": "", "Last Modified Timestamp": "", "Source": "added by unknown"}, {"Username": "tinkuluke", "Display Name": "Rizwan Rajput", "Creation Timestamp": "", "Last Modified Timestamp": "", "Source": "added by unknown"}, {"Username": "albhrm", "Display Name": "Bhrm", "Creation Timestamp": "", "Last Modified Timestamp": "", "Source": "added by unknown"}, {"Username": "jdunlop929", "Display Name": "James Dunlop", "Creation Timestamp": "", "Last Modified Timestamp": "", "Source": "added by unknown"}, {"Username": "kemi.56", "Display Name": "Kemkem", "Creation Timestamp": "", "Last Modified Timestamp": "", "Source": "added by unknown"}, {"Username": "catleigh13", "Display Name": "\ud83c\udf3b Cat \ud83c\udf0a", "Creation Timestamp": "", "Last Modified Timestamp": "", "Source": "added by unknown"}, {"Username": "elli1675", "Display Name": "Elli-girl", "Creation Timestamp": "", "Last Modified Timestamp": "", "Source": "added by unknown"}, {"Username": "premium3380", "Display Name": "Jessica Janes", "Creation Timestamp": "", "Last Modified Timestamp": "", "Source": "added by unknown"}, {"Username": "premium8298", "Display Name": "real \ud83d\udc96baby premium \ud83d\udce6 Packag", "Creation Timestamp": "", "Last Modified Timestamp": "", "Source": "added by unknown"}, {"Username": "sammie0082", "Display Name": "\ud83d\udc3e\ud83d\udc3e\ud83d\udc3eSammie\ud83d\udc3e\ud83d\udc3e\ud83d\udc3e", "Creation Timestamp": "", "Last Modified Timestamp": "", "Source": "added by unknown"}, {"Username": "lukko_natalia", "Display Name": "Natalia Lukko", "Creation Timestamp": "", "Last Modified Timestamp": "", "Source": "added by unknown"}, {"Username": "dawnee30", "Display Name": "xX Angel Dawn Xx", "Creation Timestamp": "", "Last Modified Timestamp": "", "Source": "added by unknown"}, {"Username": "pbrown9382", "Display Name": "Poppy Brown", "Creation Timestamp": "", "Last Modified Timestamp": "", "Source": "added by unknown"}, {"Username": "jerradjx", "Display Name": "Jerrad Jones", "Creation Timestamp": "", "Last Modified Timestamp": "", "Source": "added by unknown"}, {"Username": "hazeytimez", "Display Name": "Haylz \ud83c\udf3b", "Creation Timestamp": "", "Last Modified Timestamp": "", "Source": "added by unknown"}, {"Username": "tarawera", "Display Name": "Mita", "Creation Timestamp": "", "Last Modified Timestamp": "", "Source": "added by unknown"}, {"Username": "aidanisboss1257", "Display Name": "Aidan MacRae", "Creation Timestamp": "", "Last Modified Timestamp": "", "Source": "added by unknown"}, {"Username": "ljh899", "Display Name": "Lauren", "Creation Timestamp": "", "Last Modified Timestamp": "", "Source": "added by unknown"}, {"Username": "dezlie2", "Display Name": "DEZ Anderson", "Creation Timestamp": "", "Last Modified Timestamp": "", "Source": "added by unknown"}, {"Username": "fgskthagod", "Display Name": "SKdaGod", "Creation Timestamp": "", "Last Modified Timestamp": "", "Source": "added by unknown"}, {"Username": "its_kurt", "Display Name": "HaereMai", "Creation Timestamp": "", "Last Modified Timestamp": "", "Source": "added by unknown"}, {"Username": "gemdenise97", "Display Name": "Gemma Blackmore", "Creation Timestamp": "", "Last Modified Timestamp": "", "Source": "added by unknown"}, {"Username": "snozal", "Display Name": "My Mum", "Creation Timestamp": "", "Last Modified Timestamp": "", "Source": "added by unknown"}, {"Username": "abest_sfs19", "Display Name": "Abest Sfs", "Creation Timestamp": "", "Last Modified Timestamp": "", "Source": "added by unknown"}, {"Username": "aalessia7911", "Display Name": "Alessia Tonti", "Creation Timestamp": "", "Last Modified Timestamp": "", "Source": "added by unknown"}, {"Username": "indoassassin3", "Display Name": "Indoassassin", "Creation Timestamp": "", "Last Modified Timestamp": "", "Source": "added by unknown"}, {"Username": "naenae_625", "Display Name": "Renee Tasker", "Creation Timestamp": "", "Last Modified Timestamp": "", "Source": "added by unknown"}, {"Username": "kkhaild329", "Display Name": "Khaild Khaild", "Creation Timestamp": "", "Last Modified Timestamp": "", "Source": "added by unknown"}, {"Username": "kathy_lov2019", "Display Name": "NO NUDITY TILL PAY\ud83c\udde6\ud83c\uddfa(PayPal)", "Creation Timestamp": "", "Last Modified Timestamp": "", "Source": "added by unknown"}, {"Username": "alichapremium", "Display Name": "Alicha Premium\u2764\ufe0f\ud83d\ude08", "Creation Timestamp": "", "Last Modified Timestamp": "", "Source": "added by unknown"}, {"Username": "emilymanera", "Display Name": "Emily \ud83d\udc32", "Creation Timestamp": "", "Last Modified Timestamp": "", "Source": "added by unknown"}, {"Username": "shixxx123", "Display Name": "", "Creation Timestamp": "", "Last Modified Timestamp": "", "Source": "added by unknown"}, {"Username": "grahme25", "Display Name": "Grahme Smith", "Creation Timestamp": "", "Last Modified Timestamp": "", "Source": "added by unknown"}, {"Username": "paddyhansen21", "Display Name": "Paddy\u270c", "Creation Timestamp": "", "Last Modified Timestamp": "", "Source": "added by unknown"}, {"Username": "dpush00", "Display Name": "Dajana Push", "Creation Timestamp": "", "Last Modified Timestamp": "", "Source": "added by unknown"}, {"Username": "cintababe", "Display Name": "Cintababe", "Creation Timestamp": "", "Last Modified Timestamp": "", "Source": "added by unknown"}, {"Username": "ninaaa_black", "Display Name": "Nina Black", "Creation Timestamp": "", "Last Modified Timestamp": "", "Source": "added by unknown"}, {"Username": "flawlessslut00", "Display Name": "Flawless M Moody", "Creation Timestamp": "", "Last Modified Timestamp": "", "Source": "added by unknown"}, {"Username": "ptaclouds", "Display Name": "send in bong vids (4k)", "Creation Timestamp": "", "Last Modified Timestamp": "", "Source": "added by unknown"}, {"Username": "hotleunam", "Display Name": "Leunam", "Creation Timestamp": "", "Last Modified Timestamp": "", "Source": "added by unknown"}, {"Username": "sam.sherborne", "Display Name": "Sam Sherborne", "Creation Timestamp": "", "Last Modified Timestamp": "", "Source": "added by unknown"}, {"Username": "rickireeves", "Display Name": "Brother Ricki", "Creation Timestamp": "", "Last Modified Timestamp": "", "Source": "added by unknown"}, {"Username": "babz659", "Display Name": "Babe", "Creation Timestamp": "", "Last Modified Timestamp": "", "Source": "added by unknown"}, {"Username": "elizabeth_tyt19", "Display Name": "elizabeth\u2764\ufe0f", "Creation Timestamp": "", "Last Modified Timestamp": "", "Source": "added by unknown"}, {"Username": "saltyzo", "Display Name": "saltyzoe\ud83c\udf7c", "Creation Timestamp": "", "Last Modified Timestamp": "", "Source": "added by unknown"}, {"Username": "scommun6", "Display Name": "Speedy Commun", "Creation Timestamp": "", "Last Modified Timestamp": "", "Source": "added by unknown"}, {"Username": "slimj3398", "Display Name": "Slim Johnson", "Creation Timestamp": "", "Last Modified Timestamp": "", "Source": "added by unknown"}, {"Username": "jimiz11", "Display Name": "jimiz11 \ud83d\ude4a", "Creation Timestamp": "", "Last Modified Timestamp": "", "Source": "added by unknown"}, {"Username": "nikaia-boiis", "Display Name": "Nikaia Crickett", "Creation Timestamp": "", "Last Modified Timestamp": "", "Source": "added by unknown"}, {"Username": "anaklotz", "Display Name": "Ana Klotz", "Creation Timestamp": "", "Last Modified Timestamp": "", "Source": "added by unknown"}, {"Username": "riss.touchton", "Display Name": "marissa touchton\ud83d\udeab\uf8ff", "Creation Timestamp": "", "Last Modified Timestamp": "", "Source": "added by unknown"}, {"Username": "kaula101", "Display Name": "Lula \u2764\ufe0f", "Creation Timestamp": "", "Last Modified Timestamp": "", "Source": "added by unknown"}, {"Username": "a_orczy", "Display Name": "Aiden", "Creation Timestamp": "", "Last Modified Timestamp": "", "Source": "added by unknown"}, {"Username": "missinkbabydoll", "Display Name": "Lucinda Field", "Creation Timestamp": "", "Last Modified Timestamp": "", "Source": "added by unknown"}, {"Username": "xxjojoxx111", "Display Name": "Jojo\ud83c\udff3\ufe0f\u200d\ud83c\udf08", "Creation Timestamp": "", "Last Modified Timestamp": "", "Source": "added by unknown"}, {"Username": "smccarthy667", "Display Name": "Sam \ud83e\udd9e\ud83e\udd9e", "Creation Timestamp": "", "Last Modified Timestamp": "", "Source": "added by unknown"}, {"Username": "anyelibeltre", "Display Name": "Anyeli Beltre", "Creation Timestamp": "", "Last Modified Timestamp": "", "Source": "added by unknown"}, {"Username": "j_rad619", "Display Name": "Jared", "Creation Timestamp": "", "Last Modified Timestamp": "", "Source": "added by unknown"}, {"Username": "phoock2", "Display Name": "Jexx", "Creation Timestamp": "", "Last Modified Timestamp": "", "Source": "added by unknown"}, {"Username": "claudiakeri", "Display Name": "Claudia Wallace \u2764\ufe0f", "Creation Timestamp": "", "Last Modified Timestamp": "", "Source": "added by unknown"}, {"Username": "potato.nikaia", "Display Name": "Nikaia Crickett", "Creation Timestamp": "", "Last Modified Timestamp": "", "Source": "added by unknown"}, {"Username": "willis.mitch", "Display Name": "\ud83e\uddf1MitcH\ud83e\uddf1", "Creation Timestamp": "", "Last Modified Timestamp": "", "Source": "added by unknown"}, {"Username": "bananamcl20", "Display Name": "Banana Chloemclaughlan", "Creation Timestamp": "", "Last Modified Timestamp": "", "Source": "added by unknown"}, {"Username": "shiy-shiy", "Display Name": "shiyb@by", "Creation Timestamp": "", "Last Modified Timestamp": "", "Source": "added by unknown"}, {"Username": "racial29", "Display Name": "Rach \ud83d\ude18", "Creation Timestamp": "", "Last Modified Timestamp": "", "Source": "added by unknown"}, {"Username": "ft.torrres", "Display Name": "\ud83d\udc8bTorrrrres.", "Creation Timestamp": "", "Last Modified Timestamp": "", "Source": "added by unknown"}, {"Username": "annefleurtje1", "Display Name": "", "Creation Timestamp": "", "Last Modified Timestamp": "", "Source": "added by unknown"}, {"Username": "millie_fitzy123", "Display Name": "millie", "Creation Timestamp": "", "Last Modified Timestamp": "", "Source": "added by unknown"}, {"Username": "lukeroberts1197", "Display Name": "Noodleboy", "Creation Timestamp": "", "Last Modified Timestamp": "", "Source": "added by unknown"}, {"Username": "astonitter199", "Display Name": "Asston199", "Creation Timestamp": "", "Last Modified Timestamp": "", "Source": "added by unknown"}], "Ignored Snapchatters": [{"Username": "dale_gibson8708", "Display Name": "Dale Gibson", "Creation Timestamp": "", "Last Modified Timestamp": "", "Source": "added by unknown"}, {"Username": "mwdooleymw", "Display Name": "Tom Dooley", "Creation Timestamp": "", "Last Modified Timestamp": "", "Source": "added by unknown"}, {"Username": "tocher44", "Display Name": "Kody", "Creation Timestamp": "", "Last Modified Timestamp": "", "Source": "added by unknown"}, {"Username": "ceedubc", "Display Name": "Chris Corfield", "Creation Timestamp": "", "Last Modified Timestamp": "", "Source": "added by unknown"}, {"Username": "yeeoowkapiti", "Display Name": "Bronson K", "Creation Timestamp": "", "Last Modified Timestamp": "", "Source": "added by unknown"}, {"Username": "nicrfbclark", "Display Name": "Free Ranged", "Creation Timestamp": "", "Last Modified Timestamp": "", "Source": "added by unknown"}, {"Username": "shuaaaaas", "Display Name": "Shuaaaaas Wifey", "Creation Timestamp": "", "Last Modified Timestamp": "", "Source": "added by unknown"}, {"Username": "shaewally20", "Display Name": "Wally", "Creation Timestamp": "", "Last Modified Timestamp": "", "Source": "added by unknown"}, {"Username": "jakethepuff", "Display Name": "jake The Puff", "Creation Timestamp": "", "Last Modified Timestamp": "", "Source": "added by unknown"}, {"Username": "baby_bear001", "Display Name": "Craig Douglas", "Creation Timestamp": "", "Last Modified Timestamp": "", "Source": "added by unknown"}], "Pending Requests": [{"Username": "azztheunicorn", "Display Name": "Azzy", "Creation Timestamp": "", "Last Modified Timestamp": "", "Source": "added by unknown"}, {"Username": "rosalna199", "Display Name": "Rosalna Lorenzo", "Creation Timestamp": "", "Last Modified Timestamp": "", "Source": "added by unknown"}], "Shortcuts": []}