{"Frequent Locations": [{"City": "christchurch", "Country": "nzl", "Region": "can"}, {"City": "christchurch", "Country": "nzl", "Region": "can"}], "Latest Location": [{"City": "christchurch", "Country": "nzl", "Region": "can"}], "Home & Work": {}, "Daily Top Locations": [], "Top Locations Per Six-Day Period": [], "Location History": [{"Time": "2022/03/04 13:49:57 UTC", "Latitude, Longitude": "-43.554 \u00b1 39.66 meters, 172.667 \u00b1 39.66 meters"}, {"Time": "2022/03/04 13:50:03 UTC", "Latitude, Longitude": "-43.554 \u00b1 39.66 meters, 172.667 \u00b1 39.66 meters"}, {"Time": "2022/03/04 13:50:08 UTC", "Latitude, Longitude": "-43.554 \u00b1 39.66 meters, 172.666 \u00b1 39.66 meters"}, {"Time": "2022/03/04 13:50:50 UTC", "Latitude, Longitude": "-43.554 \u00b1 39.66 meters, 172.666 \u00b1 39.66 meters"}, {"Time": "2022/03/04 13:50:55 UTC", "Latitude, Longitude": "-43.553 \u00b1 39.66 meters, 172.666 \u00b1 39.66 meters"}, {"Time": "2022/03/04 13:50:56 UTC", "Latitude, Longitude": "-43.553 \u00b1 39.66 meters, 172.666 \u00b1 39.66 meters"}, {"Time": "2022/03/04 13:51:22 UTC", "Latitude, Longitude": "-43.554 \u00b1 39.66 meters, 172.666 \u00b1 39.66 meters"}, {"Time": "2022/03/04 13:51:23 UTC", "Latitude, Longitude": "-43.554 \u00b1 39.66 meters, 172.666 \u00b1 39.66 meters"}, {"Time": "2022/03/04 13:51:27 UTC", "Latitude, Longitude": "-43.553 \u00b1 39.66 meters, 172.666 \u00b1 39.66 meters"}, {"Time": "2022/03/04 13:51:36 UTC", "Latitude, Longitude": "-43.553 \u00b1 39.66 meters, 172.666 \u00b1 39.66 meters"}, {"Time": "2022/03/04 13:52:25 UTC", "Latitude, Longitude": "-43.554 \u00b1 39.66 meters, 172.666 \u00b1 39.66 meters"}, {"Time": "2022/03/04 13:52:27 UTC", "Latitude, Longitude": "-43.554 \u00b1 39.66 meters, 172.666 \u00b1 39.66 meters"}, {"Time": "2022/03/04 13:52:57 UTC", "Latitude, Longitude": "-43.554 \u00b1 39.66 meters, 172.667 \u00b1 39.66 meters"}, {"Time": "2022/03/04 13:53:26 UTC", "Latitude, Longitude": "-43.554 \u00b1 39.66 meters, 172.666 \u00b1 39.66 meters"}, {"Time": "2022/03/04 13:53:28 UTC", "Latitude, Longitude": "-43.554 \u00b1 39.66 meters, 172.666 \u00b1 39.66 meters"}, {"Time": "2022/03/04 13:54:27 UTC", "Latitude, Longitude": "-43.554 \u00b1 39.66 meters, 172.667 \u00b1 39.66 meters"}, {"Time": "2022/03/04 13:54:47 UTC", "Latitude, Longitude": "-43.554 \u00b1 39.66 meters, 172.667 \u00b1 39.66 meters"}, {"Time": "2022/03/04 13:59:01 UTC", "Latitude, Longitude": "-43.552 \u00b1 39.66 meters, 172.670 \u00b1 39.66 meters"}, {"Time": "2022/03/04 13:59:02 UTC", "Latitude, Longitude": "-43.554 \u00b1 39.66 meters, 172.667 \u00b1 39.66 meters"}, {"Time": "2022/03/04 14:00:04 UTC", "Latitude, Longitude": "-43.552 \u00b1 39.66 meters, 172.670 \u00b1 39.66 meters"}, {"Time": "2022/03/04 20:15:44 UTC", "Latitude, Longitude": "-43.552 \u00b1 39.66 meters, 172.670 \u00b1 39.66 meters"}, {"Time": "2022/03/04 20:15:45 UTC", "Latitude, Longitude": "-43.546 \u00b1 39.66 meters, 172.543 \u00b1 39.66 meters"}, {"Time": "2022/03/04 20:15:45 UTC", "Latitude, Longitude": "-43.550 \u00b1 39.66 meters, 172.548 \u00b1 39.66 meters"}, {"Time": "2022/03/04 20:15:46 UTC", "Latitude, Longitude": "-43.546 \u00b1 39.66 meters, 172.543 \u00b1 39.66 meters"}, {"Time": "2022/03/04 20:16:16 UTC", "Latitude, Longitude": "-43.546 \u00b1 39.66 meters, 172.543 \u00b1 39.66 meters"}, {"Time": "2022/03/04 20:16:17 UTC", "Latitude, Longitude": "-43.546 \u00b1 39.66 meters, 172.542 \u00b1 39.66 meters"}, {"Time": "2022/03/05 01:14:26 UTC", "Latitude, Longitude": "-43.546 \u00b1 39.66 meters, 172.542 \u00b1 39.66 meters"}, {"Time": "2022/03/05 01:15:56 UTC", "Latitude, Longitude": "-43.546 \u00b1 39.66 meters, 172.543 \u00b1 39.66 meters"}, {"Time": "2022/03/05 01:15:58 UTC", "Latitude, Longitude": "-43.546 \u00b1 39.66 meters, 172.543 \u00b1 39.66 meters"}, {"Time": "2022/03/05 01:16:56 UTC", "Latitude, Longitude": "-43.546 \u00b1 39.66 meters, 172.542 \u00b1 39.66 meters"}, {"Time": "2022/03/05 01:16:58 UTC", "Latitude, Longitude": "-43.546 \u00b1 39.66 meters, 172.542 \u00b1 39.66 meters"}, {"Time": "2022/03/05 01:17:26 UTC", "Latitude, Longitude": "-43.546 \u00b1 39.66 meters, 172.543 \u00b1 39.66 meters"}, {"Time": "2022/03/05 01:17:56 UTC", "Latitude, Longitude": "-43.546 \u00b1 39.66 meters, 172.542 \u00b1 39.66 meters"}, {"Time": "2022/03/05 01:20:26 UTC", "Latitude, Longitude": "-43.546 \u00b1 39.66 meters, 172.542 \u00b1 39.66 meters"}, {"Time": "2022/03/05 01:21:26 UTC", "Latitude, Longitude": "-43.546 \u00b1 39.66 meters, 172.543 \u00b1 39.66 meters"}, {"Time": "2022/03/05 01:21:28 UTC", "Latitude, Longitude": "-43.546 \u00b1 39.66 meters, 172.543 \u00b1 39.66 meters"}, {"Time": "2022/03/05 01:21:57 UTC", "Latitude, Longitude": "-43.546 \u00b1 39.66 meters, 172.542 \u00b1 39.66 meters"}, {"Time": "2022/03/05 01:22:03 UTC", "Latitude, Longitude": "-43.546 \u00b1 39.66 meters, 172.542 \u00b1 39.66 meters"}, {"Time": "2022/03/05 01:22:07 UTC", "Latitude, Longitude": "-43.547 \u00b1 39.66 meters, 172.543 \u00b1 39.66 meters"}, {"Time": "2022/03/05 01:22:28 UTC", "Latitude, Longitude": "-43.547 \u00b1 39.66 meters, 172.543 \u00b1 39.66 meters"}, {"Time": "2022/03/05 01:22:29 UTC", "Latitude, Longitude": "-43.546 \u00b1 39.66 meters, 172.542 \u00b1 39.66 meters"}, {"Time": "2022/03/05 01:27:37 UTC", "Latitude, Longitude": "-43.546 \u00b1 39.66 meters, 172.542 \u00b1 39.66 meters"}, {"Time": "2022/03/05 01:28:37 UTC", "Latitude, Longitude": "-43.546 \u00b1 39.66 meters, 172.543 \u00b1 39.66 meters"}, {"Time": "2022/03/05 01:29:07 UTC", "Latitude, Longitude": "-43.546 \u00b1 39.66 meters, 172.543 \u00b1 39.66 meters"}, {"Time": "2022/03/05 01:29:37 UTC", "Latitude, Longitude": "-43.546 \u00b1 39.66 meters, 172.542 \u00b1 39.66 meters"}, {"Time": "2022/03/05 01:33:08 UTC", "Latitude, Longitude": "-43.546 \u00b1 39.66 meters, 172.542 \u00b1 39.66 meters"}, {"Time": "2022/03/05 01:33:12 UTC", "Latitude, Longitude": "-43.546 \u00b1 39.66 meters, 172.543 \u00b1 39.66 meters"}, {"Time": "2022/03/05 01:33:44 UTC", "Latitude, Longitude": "-43.546 \u00b1 39.66 meters, 172.542 \u00b1 39.66 meters"}, {"Time": "2022/03/05 04:59:51 UTC", "Latitude, Longitude": "-43.546 \u00b1 39.66 meters, 172.542 \u00b1 39.66 meters"}, {"Time": "2022/03/05 05:01:53 UTC", "Latitude, Longitude": "-43.546 \u00b1 39.66 meters, 172.543 \u00b1 39.66 meters"}, {"Time": "2022/03/05 05:02:04 UTC", "Latitude, Longitude": "-43.546 \u00b1 39.66 meters, 172.543 \u00b1 39.66 meters"}, {"Time": "2022/03/05 05:02:06 UTC", "Latitude, Longitude": "-43.546 \u00b1 39.66 meters, 172.542 \u00b1 39.66 meters"}, {"Time": "2022/03/05 05:02:18 UTC", "Latitude, Longitude": "-43.546 \u00b1 39.66 meters, 172.542 \u00b1 39.66 meters"}, {"Time": "2022/03/05 05:02:21 UTC", "Latitude, Longitude": "-43.546 \u00b1 39.66 meters, 172.543 \u00b1 39.66 meters"}, {"Time": "2022/03/05 05:02:51 UTC", "Latitude, Longitude": "-43.546 \u00b1 39.66 meters, 172.543 \u00b1 39.66 meters"}, {"Time": "2022/03/05 05:02:55 UTC", "Latitude, Longitude": "-43.546 \u00b1 39.66 meters, 172.542 \u00b1 39.66 meters"}, {"Time": "2022/03/05 05:04:30 UTC", "Latitude, Longitude": "-43.546 \u00b1 39.66 meters, 172.542 \u00b1 39.66 meters"}, {"Time": "2022/03/05 05:05:32 UTC", "Latitude, Longitude": "-43.546 \u00b1 39.66 meters, 172.543 \u00b1 39.66 meters"}, {"Time": "2022/03/05 05:06:15 UTC", "Latitude, Longitude": "-43.546 \u00b1 39.66 meters, 172.543 \u00b1 39.66 meters"}, {"Time": "2022/03/05 05:06:20 UTC", "Latitude, Longitude": "-43.546 \u00b1 39.66 meters, 172.542 \u00b1 39.66 meters"}, {"Time": "2022/03/05 05:06:53 UTC", "Latitude, Longitude": "-43.546 \u00b1 39.66 meters, 172.543 \u00b1 39.66 meters"}, {"Time": "2022/03/05 05:07:23 UTC", "Latitude, Longitude": "-43.546 \u00b1 39.66 meters, 172.542 \u00b1 39.66 meters"}, {"Time": "2022/03/05 05:09:52 UTC", "Latitude, Longitude": "-43.546 \u00b1 39.66 meters, 172.542 \u00b1 39.66 meters"}, {"Time": "2022/03/05 05:09:54 UTC", "Latitude, Longitude": "-43.546 \u00b1 39.66 meters, 172.543 \u00b1 39.66 meters"}, {"Time": "2022/03/05 05:10:29 UTC", "Latitude, Longitude": "-43.546 \u00b1 39.66 meters, 172.543 \u00b1 39.66 meters"}, {"Time": "2022/03/05 05:11:01 UTC", "Latitude, Longitude": "-43.546 \u00b1 39.66 meters, 172.542 \u00b1 39.66 meters"}, {"Time": "2022/03/05 05:11:31 UTC", "Latitude, Longitude": "-43.546 \u00b1 39.66 meters, 172.543 \u00b1 39.66 meters"}, {"Time": "2022/03/05 05:11:33 UTC", "Latitude, Longitude": "-43.546 \u00b1 39.66 meters, 172.543 \u00b1 39.66 meters"}, {"Time": "2022/03/05 05:12:01 UTC", "Latitude, Longitude": "-43.546 \u00b1 39.66 meters, 172.542 \u00b1 39.66 meters"}, {"Time": "2022/03/05 05:14:48 UTC", "Latitude, Longitude": "-43.550 \u00b1 39.66 meters, 172.548 \u00b1 39.66 meters"}, {"Time": "2022/03/05 05:14:48 UTC", "Latitude, Longitude": "-43.546 \u00b1 39.66 meters, 172.542 \u00b1 39.66 meters"}, {"Time": "2022/03/05 06:59:21 UTC", "Latitude, Longitude": "-43.552 \u00b1 39.66 meters, 172.670 \u00b1 39.66 meters"}, {"Time": "2022/03/05 06:59:23 UTC", "Latitude, Longitude": "-43.552 \u00b1 39.66 meters, 172.670 \u00b1 39.66 meters"}, {"Time": "2022/03/05 07:00:56 UTC", "Latitude, Longitude": "-43.552 \u00b1 39.66 meters, 172.670 \u00b1 39.66 meters"}, {"Time": "2022/03/05 07:00:57 UTC", "Latitude, Longitude": "-43.552 \u00b1 39.66 meters, 172.670 \u00b1 39.66 meters"}, {"Time": "2022/03/06 02:45:24 UTC", "Latitude, Longitude": "-43.552 \u00b1 39.66 meters, 172.670 \u00b1 39.66 meters"}, {"Time": "2022/03/06 04:05:09 UTC", "Latitude, Longitude": "-43.552 \u00b1 39.66 meters, 172.670 \u00b1 39.66 meters"}], "Businesses and public places you may have visited": [], "Areas you may have visited in the last two years": [{"Time": "2022/03/19 20:43:32 UTC", "City": "christchurch", "Region": "Canterbury", "Postal Code": "7675"}, {"Time": "2022/03/28 08:14:27 UTC", "City": "christchurch", "Region": "Canterbury", "Postal Code": "8011"}, {"Time": "2022/03/27 12:53:25 UTC", "City": "christchurch", "Region": "Canterbury", "Postal Code": "8013"}, {"Time": "2022/03/06 02:47:52 UTC", "City": "christchurch", "Region": "Canterbury", "Postal Code": "8023"}, {"Time": "2021/12/26 03:26:36 UTC", "City": "auckland", "Region": "Auckland", "Postal Code": "1010"}, {"Time": "2021/12/25 03:19:36 UTC", "City": "auckland", "Region": "Auckland", "Postal Code": "1140"}, {"Time": "2021/11/27 21:35:54 UTC", "City": "nelson", "Region": "Nelson", "Postal Code": "7010"}, {"Time": "2021/11/17 10:45:21 UTC", "City": "wellington", "Region": "Wellington", "Postal Code": "6021"}, {"Time": "2021/12/22 23:23:50 UTC", "City": "hokitika", "Region": "West Coast", "Postal Code": "7810"}]}