{"Shared Story": [], "Spotlight History": [{"Story Date": "2022-04-02 08:00:00 UTC", "Story URL": "https://story.snapchat.com/o/W7_EDlXWTBiXAEEniNoMPwAAYcnNxd2hiZGpiAX9RDaszAX9RDXRFAAAAAA", "Action Type": "VIEW", "View Time": "2.65 seconds"}, {"Story Date": "2022-03-28 08:00:00 UTC", "Story URL": "https://story.snapchat.com/o/W7_EDlXWTBiXAEEniNoMPwAAYaXJkbXZnY3dlAX9DaOozAX9DaOFgAAAAAA", "Action Type": "VIEW", "View Time": "0.64 seconds"}, {"Story Date": "2022-03-27 12:00:00 UTC", "Story URL": "https://story.snapchat.com/o/W7_EDlXWTBiXAEEniNoMPwAAYemhjaWxtZmZrAX9g9NkiAX9g88wcAAAAAA", "Action Type": "VIEW", "View Time": "1.55 seconds"}, {"Story Date": "2022-03-26 23:00:00 UTC", "Story URL": "https://story.snapchat.com/o/W7_EDlXWTBiXAEEniNoMPwAAYZGttdnhqandlAX-4ozZQAX-3hlnEAAAAAA", "Action Type": "VIEW", "View Time": "1.09 seconds"}, {"Story Date": "2022-03-26 22:00:00 UTC", "Story URL": "https://story.snapchat.com/o/W7_EDlXWTBiXAEEniNoMPwAAYZGttdnhqandlAX-4ozZQAX-3hlnEAAAAAA", "Action Type": "VIEW", "View Time": "1.09 seconds"}, {"Story Date": "2022-03-26 05:00:00 UTC", "Story URL": "https://story.snapchat.com/o/W7_EDlXWTBiXAEEniNoMPwAAYdHRpbm1wYXRpAX-Wmt51AX-Wmsy0AAAAAA", "Action Type": "VIEW", "View Time": "3.49 seconds"}, {"Story Date": "2022-03-20 23:00:00 UTC", "Story URL": "https://story.snapchat.com/o/W7_EDlXWTBiXAEEniNoMPwAAYcWh2dmhqYXF5AX9_TQzfAX9_TQSiAAAAAA", "Action Type": "VIEW", "View Time": "0.38 seconds"}, {"Story Date": "2022-03-19 17:00:00 UTC", "Story URL": "https://story.snapchat.com/o/W7_EDlXWTBiXAEEniNoMPwAAYa251ZWlzc3l2AX9zL8V0AX9zL23kAAAAAA", "Action Type": "VIEW", "View Time": "7.00 seconds"}, {"Story Date": "2022-03-19 17:00:00 UTC", "Story URL": "https://story.snapchat.com/o/W7_EDlXWTBiXAEEniNoMPwAAYa251ZWlzc3l2AX9zL8V0AX9zL23kAAAAAA", "Action Type": "SHARE", "View Time": ""}, {"Story Date": "2022-03-19 17:00:00 UTC", "Story URL": "https://story.snapchat.com/o/W7_EDlXWTBiXAEEniNoMPwAAYbWp0bXNoZndqAX-bJgaDAX-bJebwAAAAAA", "Action Type": "VIEW", "View Time": "1.36 seconds"}, {"Story Date": "2022-03-19 17:00:00 UTC", "Story URL": "https://story.snapchat.com/o/W7_EDlXWTBiXAEEniNoMPwAAYaHZuemRkaWt2AX-PjcqCAX-PjbcqAAAAAA", "Action Type": "VIEW", "View Time": "7.46 seconds"}, {"Story Date": "2022-03-19 17:00:00 UTC", "Story URL": "https://story.snapchat.com/o/W7_EDlXWTBiXAEEniNoMPwAAYaHZuemRkaWt2AX-PjcqCAX-PjbcqAAAAAA", "Action Type": "SHARE", "View Time": ""}, {"Story Date": "2022-03-19 17:00:00 UTC", "Story URL": "https://story.snapchat.com/o/W7_EDlXWTBiXAEEniNoMPwAAYeHJ2dm1jc3FjAX91AKHpAX91AJUOAAAAAA", "Action Type": "VIEW", "View Time": "0.09 seconds"}, {"Story Date": "2022-03-19 17:00:00 UTC", "Story URL": "https://story.snapchat.com/o/W7_EDlXWTBiXAEEniNoMPwAAYa2tvZHl2cXJ0AX0VjubyAX0VjpkiAAAAAA", "Action Type": "VIEW", "View Time": "2.24 seconds"}, {"Story Date": "2022-03-19 17:00:00 UTC", "Story URL": "https://story.snapchat.com/o/W7_EDlXWTBiXAEEniNoMPwAAYZGlvaWRuY2JuAX5PzbWCAX5PzapfAAAAAA", "Action Type": "VIEW", "View Time": "1.32 seconds"}, {"Story Date": "2022-03-19 17:00:00 UTC", "Story URL": "https://story.snapchat.com/o/W7_EDlXWTBiXAEEniNoMPwAAYdXBsbnh2dG9mAXyFt61rAXyFt6fjAAAAAA", "Action Type": "VIEW", "View Time": "2.95 seconds"}, {"Story Date": "2022-03-19 14:00:00 UTC", "Story URL": "https://story.snapchat.com/o/W7_EDlXWTBiXAEEniNoMPwAAYbG5lZWh6YmVhAX9fsmXHAX9fskxJAAAAAA", "Action Type": "VIEW", "View Time": "3.56 seconds"}, {"Story Date": "2022-03-19 14:00:00 UTC", "Story URL": "https://story.snapchat.com/o/W7_EDlXWTBiXAEEniNoMPwAAYbXhqeWh4YmZwAXzSWpLIAXzSWo_9AAAAAA", "Action Type": "VIEW", "View Time": "2.28 seconds"}, {"Story Date": "2022-03-06 02:00:00 UTC", "Story URL": "https://story.snapchat.com/o/W7_EDlXWTBiXAEEniNoMPwAAYZ2ZrY2t0dG5qAX3afxcQAX3afwt1AAAAAA", "Action Type": "VIEW", "View Time": "0.37 seconds"}, {"Story Date": "2022-03-06 02:00:00 UTC", "Story URL": "https://story.snapchat.com/o/W7_EDlXWTBiXAEEniNoMPwAAYbWZwdWV0eW9yAX1UrZRBAX1UrYdOAAAAAA", "Action Type": "VIEW", "View Time": "15.68 seconds"}, {"Story Date": "2022-03-05 05:00:00 UTC", "Story URL": "https://story.snapchat.com/o/W7_EDlXWTBiXAEEniNoMPwAAYd2NsdG51aWtpAX70JOPJAX70JL3NAAAAAA", "Action Type": "VIEW", "View Time": "0.88 seconds"}, {"Story Date": "2022-03-05 05:00:00 UTC", "Story URL": "https://story.snapchat.com/o/W7_EDlXWTBiXAEEniNoMPwAAYemlyeXF5eWtjAX47nnUPAX47m_ozAAAAAA", "Action Type": "VIEW", "View Time": "1.06 seconds"}, {"Story Date": "2022-03-05 05:00:00 UTC", "Story URL": "https://story.snapchat.com/o/W7_EDlXWTBiXAEEniNoMPwAAYc2V6dXdnYmJsAX1kqtBqAX1kqsTTAAAAAA", "Action Type": "VIEW", "View Time": "7.09 seconds"}, {"Story Date": "2022-03-05 05:00:00 UTC", "Story URL": "https://story.snapchat.com/o/W7_EDlXWTBiXAEEniNoMPwAAYZWFzemxwbGlvAXziQlD9AXziQUlCAAAAAA", "Action Type": "VIEW", "View Time": "2.59 seconds"}, {"Story Date": "2022-03-05 05:00:00 UTC", "Story URL": "https://story.snapchat.com/o/W7_EDlXWTBiXAEEniNoMPwAAYcXltdW1waGZvAX0bqdi4AX0bqcijAAAAAA", "Action Type": "VIEW", "View Time": "1.13 seconds"}, {"Story Date": "2022-03-05 05:00:00 UTC", "Story URL": "https://story.snapchat.com/o/W7_EDlXWTBiXAEEniNoMPwAAYcXhscWdieHdkAXwV2tWaAXwV2qa9AAAAAA", "Action Type": "VIEW", "View Time": "1.10 seconds"}, {"Story Date": "2022-03-05 05:00:00 UTC", "Story URL": "https://story.snapchat.com/o/W7_EDlXWTBiXAEEniNoMPwAAYamtsd3RseXh3AX6T36e0AX6T2bhfAAAAAA", "Action Type": "VIEW", "View Time": "5.52 seconds"}, {"Story Date": "2022-03-05 05:00:00 UTC", "Story URL": "https://story.snapchat.com/o/W7_EDlXWTBiXAEEniNoMPwAAYdG9xYXZ5YnFmAX6dw5ADAX6dwnu8AAAAAA", "Action Type": "VIEW", "View Time": "1.20 seconds"}, {"Story Date": "2022-03-05 05:00:00 UTC", "Story URL": "https://story.snapchat.com/o/W7_EDlXWTBiXAEEniNoMPwAAYYmxkdmtlaHVpAX2XiZNaAX2XiYVDAAAAAA", "Action Type": "VIEW", "View Time": "15.57 seconds"}, {"Story Date": "2022-03-05 05:00:00 UTC", "Story URL": "https://story.snapchat.com/o/W7_EDlXWTBiXAEEniNoMPwAAYbXljYmVmZW1xAXxkhpalAXxkg8boAAAAAA", "Action Type": "VIEW", "View Time": "2.11 seconds"}, {"Story Date": "2022-03-05 05:00:00 UTC", "Story URL": "https://story.snapchat.com/o/W7_EDlXWTBiXAEEniNoMPwAAYZmdnZ3JycG95AX8_C-fgAX8_C9xYAAAAAA", "Action Type": "VIEW", "View Time": "5.76 seconds"}, {"Story Date": "2022-03-05 05:00:00 UTC", "Story URL": "https://story.snapchat.com/o/W7_EDlXWTBiXAEEniNoMPwAAYZG9jcndwY3p5AX6pTY5xAX6pTWjbAAAAAA", "Action Type": "VIEW", "View Time": "1.76 seconds"}, {"Story Date": "2022-03-05 05:00:00 UTC", "Story URL": "https://story.snapchat.com/o/W7_EDlXWTBiXAEEniNoMPwAAYZGhsaXhycWpsAX2lo2-dAX2lo25BAAAAAA", "Action Type": "VIEW", "View Time": "4.19 seconds"}, {"Story Date": "2022-03-05 05:00:00 UTC", "Story URL": "https://story.snapchat.com/o/W7_EDlXWTBiXAEEniNoMPwAAYY2psemZlcHJkAX1n7EAvAX1n1VH0AAAAAA", "Action Type": "VIEW", "View Time": "1.04 seconds"}, {"Story Date": "2022-03-05 05:00:00 UTC", "Story URL": "https://story.snapchat.com/o/W7_EDlXWTBiXAEEniNoMPwAAYc2VuY3R4amR2AX8DlotTAX8DloZFAAAAAA", "Action Type": "VIEW", "View Time": "1.94 seconds"}, {"Story Date": "2022-03-04 13:00:00 UTC", "Story URL": "https://story.snapchat.com/o/W7_EDlXWTBiXAEEniNoMPwAAYdHN6YWpnb3VwAX8EVImcAX8EVHQ7AAAAAA", "Action Type": "VIEW", "View Time": "4.47 seconds"}, {"Story Date": "2022-03-04 13:00:00 UTC", "Story URL": "https://story.snapchat.com/o/W7_EDlXWTBiXAEEniNoMPwAAYaHFqcGp2andpAX9DpukuAX9Dpt1wAAAAAA", "Action Type": "VIEW", "View Time": "1.92 seconds"}, {"Story Date": "2022-01-13 20:00:00 UTC", "Story URL": "https://story.snapchat.com/o/W7_EDlXWTBiXAEEniNoMPwAAYTiFKqX21pTv-AXstUrpvAXstUrpvAO1OAA", "Action Type": "VIEW", "View Time": "3.31 seconds"}, {"Story Date": "2022-01-10 12:00:00 UTC", "Story URL": "https://story.snapchat.com/o/W7_EDlXWTBiXAEEniNoMPwAAYa2pjdnljYnlkAX1YylQVAX1Yyk24AAAAAA", "Action Type": "VIEW", "View Time": "1.40 seconds"}, {"Story Date": "2022-01-08 00:00:00 UTC", "Story URL": "https://story.snapchat.com/o/W7_EDlXWTBiXAEEniNoMPwAAYbm5udGF4ZGttAX2RQz-pAX2RQz9jAAAAAA", "Action Type": "VIEW", "View Time": "18.41 seconds"}, {"Story Date": "2022-01-07 17:00:00 UTC", "Story URL": "https://story.snapchat.com/o/W7_EDlXWTBiXAEEniNoMPwAAYdWd4aWZmdWR1AX4sfCHQAX4sfB8nAAAAAA", "Action Type": "VIEW", "View Time": "0.53 seconds"}, {"Story Date": "2022-01-07 17:00:00 UTC", "Story URL": "https://story.snapchat.com/o/W7_EDlXWTBiXAEEniNoMPwAAYaHpndHhlZHBpAXz8CEb6AXz8CD0jAAAAAA", "Action Type": "VIEW", "View Time": "3.18 seconds"}, {"Story Date": "2022-01-04 06:00:00 UTC", "Story URL": "https://story.snapchat.com/o/W7_EDlXWTBiXAEEniNoMPwAAYZnBoZHdldmNpAX2NScA7AX2NSbV8AAAAAA", "Action Type": "VIEW", "View Time": "2.91 seconds"}, {"Story Date": "2022-01-03 21:00:00 UTC", "Story URL": "https://story.snapchat.com/o/W7_EDlXWTBiXAEEniNoMPwAAYem1vaml6aWpzAX20xO96AX20xOwvAAAAAA", "Action Type": "VIEW", "View Time": "3.14 seconds"}, {"Story Date": "2022-01-03 21:00:00 UTC", "Story URL": "https://story.snapchat.com/o/W7_EDlXWTBiXAEEniNoMPwAAYZG1saWdzb2RoAX1tRfGfAX1tRdrnAAAAAA", "Action Type": "VIEW", "View Time": "2.42 seconds"}, {"Story Date": "2022-01-03 21:00:00 UTC", "Story URL": "https://story.snapchat.com/o/W7_EDlXWTBiXAEEniNoMPwAAYcWZjbGFuZmdsAX0l4bplAX0l4aE9AAAAAA", "Action Type": "VIEW", "View Time": "4.07 seconds"}, {"Story Date": "2022-01-03 21:00:00 UTC", "Story URL": "https://story.snapchat.com/o/W7_EDlXWTBiXAEEniNoMPwAAYaWV0bmR6bWV3AXyDar-iAXyDaoMoAAAAAA", "Action Type": "VIEW", "View Time": "48.06 seconds"}, {"Story Date": "2022-01-03 21:00:00 UTC", "Story URL": "https://story.snapchat.com/o/W7_EDlXWTBiXAEEniNoMPwAAYaWV0bmR6bWV3AXyDar-iAXyDaoMoAAAAAA", "Action Type": "SHARE", "View Time": ""}]}