{"Received Snap History": [{"From": "suga_mama749", "Media Type": "IMAGE", "Created": "2021-12-03 21:46:49 UTC"}, {"From": "shayla_pawson", "Media Type": "IMAGE", "Created": "2021-12-03 04:59:15 UTC"}, {"From": "shayla_pawson", "Media Type": "IMAGE", "Created": "2021-12-02 06:42:12 UTC"}, {"From": "suga_mama749", "Media Type": "IMAGE", "Created": "2021-12-02 04:46:15 UTC"}, {"From": "suga_mama749", "Media Type": "IMAGE", "Created": "2021-11-28 01:24:10 UTC"}, {"From": "suga_mama749", "Media Type": "IMAGE", "Created": "2021-11-27 22:27:48 UTC"}, {"From": "suga_mama749", "Media Type": "IMAGE", "Created": "2021-11-26 21:44:48 UTC"}], "Sent Snap History": [], "App Story History": []}