{"Your Story Views": [], "Friend and Public Story Views": [{"View": "ourchildhood", "Media Type": "VIDEO", "View Date": "2022-04-02 08:51:20 UTC"}, {"View": "ourchildhood", "Media Type": "STORY", "View Date": "2022-04-02 08:51:20 UTC"}, {"View": "ourchildhood", "Media Type": "VIDEO", "View Date": "2022-04-02 08:51:18 UTC"}, {"View": "ourchildhood", "Media Type": "VIDEO", "View Date": "2022-04-02 08:51:16 UTC"}, {"View": "ourchildhood", "Media Type": "VIDEO", "View Date": "2022-04-02 08:51:10 UTC"}, {"View": "ourchildhood", "Media Type": "VIDEO", "View Date": "2022-04-02 08:51:04 UTC"}, {"View": "ourchildhood", "Media Type": "VIDEO", "View Date": "2022-04-02 08:50:58 UTC"}, {"View": "ourchildhood", "Media Type": "VIDEO", "View Date": "2022-04-02 08:50:52 UTC"}, {"View": "ourchildhood", "Media Type": "VIDEO", "View Date": "2022-04-02 08:50:45 UTC"}, {"View": "ourchildhood", "Media Type": "VIDEO", "View Date": "2022-04-02 08:50:39 UTC"}, {"View": "ourchildhood", "Media Type": "VIDEO", "View Date": "2022-04-02 08:50:33 UTC"}, {"View": "ourchildhood", "Media Type": "VIDEO", "View Date": "2022-04-02 08:50:27 UTC"}, {"View": "ourchildhood", "Media Type": "VIDEO", "View Date": "2022-04-02 08:50:19 UTC"}, {"View": "ourchildhood", "Media Type": "VIDEO", "View Date": "2022-04-02 08:50:13 UTC"}, {"View": "ourchildhood", "Media Type": "VIDEO", "View Date": "2022-04-02 08:50:07 UTC"}, {"View": "ourchildhood", "Media Type": "VIDEO", "View Date": "2022-04-02 08:50:03 UTC"}, {"View": "ourchildhood", "Media Type": "VIDEO", "View Date": "2022-04-02 08:49:59 UTC"}, {"View": "ourchildhood", "Media Type": "VIDEO", "View Date": "2022-04-02 08:49:54 UTC"}, {"View": "ourchildhood", "Media Type": "VIDEO", "View Date": "2022-04-02 08:49:50 UTC"}, {"View": "ourchildhood", "Media Type": "VIDEO", "View Date": "2022-04-02 08:49:45 UTC"}, {"View": "ourchildhood", "Media Type": "VIDEO", "View Date": "2022-04-02 08:49:40 UTC"}, {"View": "ourchildhood", "Media Type": "VIDEO", "View Date": "2022-04-02 08:49:35 UTC"}, {"View": "ourchildhood", "Media Type": "VIDEO", "View Date": "2022-04-02 08:49:30 UTC"}, {"View": "ourchildhood", "Media Type": "VIDEO", "View Date": "2022-04-02 08:49:25 UTC"}, {"View": "ourchildhood", "Media Type": "VIDEO", "View Date": "2022-04-02 08:49:20 UTC"}, {"View": "ourchildhood", "Media Type": "VIDEO", "View Date": "2022-04-02 08:49:16 UTC"}, {"View": "ourchildhood", "Media Type": "VIDEO", "View Date": "2022-04-02 08:49:11 UTC"}, {"View": "ourchildhood", "Media Type": "VIDEO", "View Date": "2022-04-02 08:49:05 UTC"}, {"View": "ourchildhood", "Media Type": "VIDEO", "View Date": "2022-04-02 08:49:04 UTC"}, {"View": "ourchildhood", "Media Type": "VIDEO", "View Date": "2022-04-02 08:49:00 UTC"}, {"View": "ourchildhood", "Media Type": "VIDEO", "View Date": "2022-04-02 08:48:57 UTC"}, {"View": "ourchildhood", "Media Type": "STORY", "View Date": "2022-04-02 08:48:57 UTC"}, {"View": "ourchildhood", "Media Type": "VIDEO", "View Date": "2022-04-02 08:48:52 UTC"}, {"View": "ourchildhood", "Media Type": "VIDEO", "View Date": "2022-04-02 08:48:46 UTC"}, {"View": "ourchildhood", "Media Type": "STORY", "View Date": "2022-04-02 08:48:46 UTC"}, {"View": "ourchildhood", "Media Type": "VIDEO", "View Date": "2022-04-02 08:48:39 UTC"}, {"View": "ourchildhood", "Media Type": "VIDEO", "View Date": "2022-04-02 08:48:34 UTC"}, {"View": "ourchildhood", "Media Type": "VIDEO", "View Date": "2022-04-02 08:48:30 UTC"}, {"View": "ourchildhood", "Media Type": "VIDEO", "View Date": "2022-04-02 08:48:26 UTC"}, {"View": "ambrainjolt", "Media Type": "VIDEO", "View Date": "2022-04-02 08:48:15 UTC"}, {"View": "ambrainjolt", "Media Type": "STORY", "View Date": "2022-04-02 08:48:15 UTC"}, {"View": "ambrainjolt", "Media Type": "VIDEO", "View Date": "2022-04-02 08:48:13 UTC"}, {"View": "ambrainjolt", "Media Type": "VIDEO", "View Date": "2022-04-02 08:48:06 UTC"}, {"View": "igvofficial", "Media Type": "VIDEO", "View Date": "2022-04-02 08:46:32 UTC"}, {"View": "igvofficial", "Media Type": "STORY", "View Date": "2022-04-02 08:46:32 UTC"}, {"View": "igvofficial", "Media Type": "VIDEO", "View Date": "2022-04-02 08:46:21 UTC"}, {"View": "igvofficial", "Media Type": "VIDEO", "View Date": "2022-04-02 08:46:04 UTC"}, {"View": "igvofficial", "Media Type": "VIDEO", "View Date": "2022-04-02 08:45:54 UTC"}, {"View": "igvofficial", "Media Type": "STORY", "View Date": "2022-04-02 08:45:54 UTC"}, {"View": "igvofficial", "Media Type": "VIDEO", "View Date": "2022-04-02 08:45:39 UTC"}, {"View": "igvofficial", "Media Type": "VIDEO", "View Date": "2022-04-02 08:45:22 UTC"}, {"View": "igvofficial", "Media Type": "VIDEO", "View Date": "2022-04-02 08:45:14 UTC"}, {"View": "igvofficial", "Media Type": "STORY", "View Date": "2022-04-02 08:45:14 UTC"}, {"View": "igvofficial", "Media Type": "VIDEO", "View Date": "2022-04-02 08:44:53 UTC"}, {"View": "igvofficial", "Media Type": "VIDEO", "View Date": "2022-04-02 08:44:50 UTC"}, {"View": "igvofficial", "Media Type": "VIDEO", "View Date": "2022-04-02 08:44:34 UTC"}, {"View": "igvofficial", "Media Type": "STORY", "View Date": "2022-04-02 08:44:34 UTC"}, {"View": "igvofficial", "Media Type": "VIDEO", "View Date": "2022-04-02 08:44:33 UTC"}, {"View": "igvofficial", "Media Type": "VIDEO", "View Date": "2022-04-02 08:44:22 UTC"}, {"View": "igvofficial", "Media Type": "STORY", "View Date": "2022-04-02 08:44:22 UTC"}, {"View": "spectrumjubilee", "Media Type": "VIDEO", "View Date": "2022-04-02 08:44:20 UTC"}, {"View": "spectrumjubilee", "Media Type": "STORY", "View Date": "2022-04-02 08:44:20 UTC"}, {"View": "igvofficial", "Media Type": "VIDEO", "View Date": "2022-04-02 08:44:18 UTC"}, {"View": "igvofficial", "Media Type": "STORY", "View Date": "2022-04-02 08:44:18 UTC"}, {"View": "igvofficial", "Media Type": "VIDEO", "View Date": "2022-04-02 08:44:17 UTC"}, {"View": "igvofficial", "Media Type": "VIDEO", "View Date": "2022-04-02 08:44:04 UTC"}, {"View": "igvofficial", "Media Type": "VIDEO", "View Date": "2022-04-02 08:44:00 UTC"}, {"View": "spectrumjubilee", "Media Type": "VIDEO", "View Date": "2022-04-02 08:43:55 UTC"}, {"View": "spectrumjubilee", "Media Type": "STORY", "View Date": "2022-04-02 08:43:55 UTC"}, {"View": "igvofficial", "Media Type": "VIDEO", "View Date": "2022-04-02 08:43:54 UTC"}, {"View": "igvofficial", "Media Type": "STORY", "View Date": "2022-04-02 08:43:54 UTC"}, {"View": "igvofficial", "Media Type": "VIDEO", "View Date": "2022-04-02 08:43:50 UTC"}, {"View": "djsumitsethi", "Media Type": "VIDEO", "View Date": "2022-04-02 08:43:38 UTC"}, {"View": "djsumitsethi", "Media Type": "STORY", "View Date": "2022-04-02 08:43:38 UTC"}, {"View": "igvofficial", "Media Type": "VIDEO", "View Date": "2022-04-02 08:43:37 UTC"}, {"View": "igvofficial", "Media Type": "STORY", "View Date": "2022-04-02 08:43:37 UTC"}, {"View": "spectrumjubilee", "Media Type": "VIDEO", "View Date": "2022-04-02 08:43:37 UTC"}, {"View": "spectrumjubilee", "Media Type": "STORY", "View Date": "2022-04-02 08:43:37 UTC"}, {"View": "satisfyingbshow", "Media Type": "VIDEO", "View Date": "2022-04-02 08:43:36 UTC"}, {"View": "satisfyingbshow", "Media Type": "STORY", "View Date": "2022-04-02 08:43:36 UTC"}, {"View": "thespillreal", "Media Type": "VIDEO", "View Date": "2022-04-02 08:43:34 UTC"}, {"View": "thespillreal", "Media Type": "STORY", "View Date": "2022-04-02 08:43:34 UTC"}, {"View": "thespillreal", "Media Type": "VIDEO", "View Date": "2022-04-02 08:43:33 UTC"}, {"View": "lauraleeoffic", "Media Type": "VIDEO", "View Date": "2022-04-02 08:43:28 UTC"}, {"View": "lauraleeoffic", "Media Type": "STORY", "View Date": "2022-04-02 08:43:28 UTC"}, {"View": "thespillreal", "Media Type": "VIDEO", "View Date": "2022-04-02 08:43:25 UTC"}, {"View": "thespillreal", "Media Type": "STORY", "View Date": "2022-04-02 08:43:25 UTC"}, {"View": "love-dontjudge", "Media Type": "VIDEO", "View Date": "2022-04-02 08:43:20 UTC"}, {"View": "love-dontjudge", "Media Type": "STORY", "View Date": "2022-04-02 08:43:20 UTC"}, {"View": "love-dontjudge", "Media Type": "VIDEO", "View Date": "2022-04-02 08:43:05 UTC"}, {"View": "love-dontjudge", "Media Type": "VIDEO", "View Date": "2022-04-02 08:42:56 UTC"}, {"View": "dealbreakers_hq", "Media Type": "STORY", "View Date": "2022-04-02 08:41:46 UTC"}, {"View": "dealbreakers_hq", "Media Type": "VIDEO", "View Date": "2022-04-02 08:41:41 UTC"}, {"View": "dealbreakers_hq", "Media Type": "VIDEO", "View Date": "2022-04-02 08:41:37 UTC"}, {"View": "dealbreakers_hq", "Media Type": "VIDEO", "View Date": "2022-04-02 08:41:32 UTC"}, {"View": "dealbreakers_hq", "Media Type": "VIDEO", "View Date": "2022-04-02 08:41:27 UTC"}, {"View": "phonytexts", "Media Type": "VIDEO", "View Date": "2022-04-02 08:35:19 UTC"}, {"View": "phonytexts", "Media Type": "STORY", "View Date": "2022-04-02 08:35:19 UTC"}, {"View": "phonytexts", "Media Type": "VIDEO", "View Date": "2022-04-02 08:35:14 UTC"}, {"View": "phonytexts", "Media Type": "VIDEO", "View Date": "2022-04-02 08:35:12 UTC"}, {"View": "phonytexts", "Media Type": "VIDEO", "View Date": "2022-04-02 08:35:10 UTC"}, {"View": "phonytexts", "Media Type": "VIDEO", "View Date": "2022-04-02 08:35:08 UTC"}, {"View": "phonytexts", "Media Type": "VIDEO", "View Date": "2022-04-02 08:35:06 UTC"}, {"View": "phonytexts", "Media Type": "VIDEO", "View Date": "2022-04-02 08:35:03 UTC"}, {"View": "phonytexts", "Media Type": "VIDEO", "View Date": "2022-04-02 08:35:01 UTC"}, {"View": "phonytexts", "Media Type": "VIDEO", "View Date": "2022-04-02 08:34:59 UTC"}, {"View": "phonytexts", "Media Type": "VIDEO", "View Date": "2022-04-02 08:34:57 UTC"}, {"View": "phonytexts", "Media Type": "VIDEO", "View Date": "2022-04-02 08:34:52 UTC"}, {"View": "phonytexts", "Media Type": "STORY", "View Date": "2022-04-02 08:34:52 UTC"}, {"View": "phonytexts", "Media Type": "VIDEO", "View Date": "2022-04-02 08:34:45 UTC"}, {"View": "phonytexts", "Media Type": "VIDEO", "View Date": "2022-04-02 08:34:43 UTC"}, {"View": "phonytexts", "Media Type": "VIDEO", "View Date": "2022-04-02 08:34:41 UTC"}, {"View": "phonytexts", "Media Type": "VIDEO", "View Date": "2022-04-02 08:34:38 UTC"}, {"View": "phonytexts", "Media Type": "VIDEO", "View Date": "2022-04-02 08:34:36 UTC"}, {"View": "phonytexts", "Media Type": "VIDEO", "View Date": "2022-04-02 08:34:34 UTC"}, {"View": "subie_ganggang", "Media Type": "STORY", "View Date": "2022-04-02 08:33:53 UTC"}, {"View": "subie_ganggang", "Media Type": "VIDEO", "View Date": "2022-04-02 08:33:51 UTC"}, {"View": "brady.rodger", "Media Type": "STORY", "View Date": "2022-04-02 08:33:44 UTC"}, {"View": "brady.rodger", "Media Type": "VIDEO", "View Date": "2022-04-02 08:33:40 UTC"}, {"View": "brady.rodger", "Media Type": "VIDEO", "View Date": "2022-04-02 08:33:33 UTC"}, {"View": "brady.rodger", "Media Type": "VIDEO", "View Date": "2022-04-02 08:33:23 UTC"}, {"View": "brady.rodger", "Media Type": "VIDEO", "View Date": "2022-04-02 08:33:20 UTC"}, {"View": "brady.rodger", "Media Type": "VIDEO", "View Date": "2022-04-02 08:33:18 UTC"}, {"View": "brady.rodger", "Media Type": "STORY", "View Date": "2022-04-02 08:33:16 UTC"}, {"View": "brady.rodger", "Media Type": "VIDEO", "View Date": "2022-04-02 08:33:13 UTC"}, {"View": "brady.rodger", "Media Type": "", "View Date": "2022-04-02 08:33:09 UTC"}, {"View": "brady.rodger", "Media Type": "", "View Date": "2022-04-02 08:33:05 UTC"}, {"View": "brady.rodger", "Media Type": "STORY", "View Date": "2022-04-02 08:33:05 UTC"}, {"View": "ailaclark23", "Media Type": "", "View Date": "2022-04-02 08:32:57 UTC"}, {"View": "ailaclark23", "Media Type": "STORY", "View Date": "2022-04-02 08:32:57 UTC"}, {"View": "deijahn323", "Media Type": "", "View Date": "2022-04-02 08:32:45 UTC"}, {"View": "deijahn323", "Media Type": "STORY", "View Date": "2022-04-02 08:32:45 UTC"}, {"View": "sydney.m0rgan", "Media Type": "STORY", "View Date": "2022-04-02 08:32:29 UTC"}, {"View": "sydney.m0rgan", "Media Type": "VIDEO", "View Date": "2022-04-02 08:32:28 UTC"}, {"View": "no name", "Media Type": "STORY", "View Date": "2022-04-02 01:07:19 UTC"}, {"View": "brady.rodger", "Media Type": "VIDEO", "View Date": "2022-04-01 21:23:35 UTC"}, {"View": "brady.rodger", "Media Type": "STORY", "View Date": "2022-04-01 21:23:35 UTC"}, {"View": "brady.rodger", "Media Type": "VIDEO", "View Date": "2022-04-01 21:23:30 UTC"}, {"View": "brady.rodger", "Media Type": "VIDEO", "View Date": "2022-04-01 21:23:21 UTC"}, {"View": "brady.rodger", "Media Type": "VIDEO", "View Date": "2022-04-01 21:23:11 UTC"}, {"View": "brady.rodger", "Media Type": "VIDEO", "View Date": "2022-04-01 21:23:08 UTC"}, {"View": "subie_ganggang", "Media Type": "STORY", "View Date": "2022-04-01 21:22:44 UTC"}, {"View": "subie_ganggang", "Media Type": "VIDEO", "View Date": "2022-04-01 21:22:41 UTC"}, {"View": "ed-bdgmedia", "Media Type": "VIDEO", "View Date": "2022-04-01 21:22:32 UTC"}, {"View": "ed-bdgmedia", "Media Type": "STORY", "View Date": "2022-04-01 21:22:32 UTC"}, {"View": "actuallymegq", "Media Type": "VIDEO", "View Date": "2022-04-01 21:22:26 UTC"}, {"View": "actuallymegq", "Media Type": "VIDEO", "View Date": "2022-04-01 21:22:26 UTC"}, {"View": "actuallymegq", "Media Type": "STORY", "View Date": "2022-04-01 21:22:26 UTC"}, {"View": "anthonypadilla", "Media Type": "VIDEO", "View Date": "2022-03-28 08:16:11 UTC"}, {"View": "anthonypadilla", "Media Type": "STORY", "View Date": "2022-03-28 08:16:11 UTC"}, {"View": "brady.rodger", "Media Type": "VIDEO", "View Date": "2022-03-28 08:15:18 UTC"}, {"View": "brady.rodger", "Media Type": "STORY", "View Date": "2022-03-28 08:15:18 UTC"}, {"View": "brady.rodger", "Media Type": "VIDEO", "View Date": "2022-03-28 08:15:12 UTC"}, {"View": "brady.rodger", "Media Type": "VIDEO", "View Date": "2022-03-28 08:14:45 UTC"}, {"View": "brady.rodger", "Media Type": "STORY", "View Date": "2022-03-28 08:14:45 UTC"}, {"View": "ed-bdgmedia", "Media Type": "STORY", "View Date": "2022-03-28 08:14:28 UTC"}, {"View": "ed-bdgmedia", "Media Type": "VIDEO", "View Date": "2022-03-28 08:14:25 UTC"}, {"View": "ed-bdgmedia", "Media Type": "VIDEO", "View Date": "2022-03-28 08:14:24 UTC"}, {"View": "ed-bdgmedia", "Media Type": "VIDEO", "View Date": "2022-03-28 08:14:21 UTC"}, {"View": "nikhilodeon12", "Media Type": "STORY", "View Date": "2022-03-28 08:14:20 UTC"}, {"View": "nikhilodeon12", "Media Type": "", "View Date": "2022-03-28 08:14:18 UTC"}, {"View": "paigepiskin", "Media Type": "", "View Date": "2022-03-28 08:14:13 UTC"}, {"View": "paigepiskin", "Media Type": "STORY", "View Date": "2022-03-28 08:14:13 UTC"}, {"View": "paigepiskin", "Media Type": "", "View Date": "2022-03-28 08:14:09 UTC"}, {"View": "bitmoji_stor", "Media Type": "STORY", "View Date": "2022-03-28 08:14:06 UTC"}, {"View": "bitmoji_stor", "Media Type": "VIDEO", "View Date": "2022-03-28 08:14:01 UTC"}, {"View": "bitmoji_stor", "Media Type": "VIDEO", "View Date": "2022-03-28 08:14:00 UTC"}, {"View": "bitmoji_stor", "Media Type": "VIDEO", "View Date": "2022-03-28 08:13:58 UTC"}, {"View": "bitmoji_stor", "Media Type": "VIDEO", "View Date": "2022-03-28 08:13:55 UTC"}, {"View": "bitmoji_stor", "Media Type": "VIDEO", "View Date": "2022-03-28 08:13:53 UTC"}, {"View": "bitmoji_stor", "Media Type": "VIDEO", "View Date": "2022-03-28 08:13:50 UTC"}, {"View": "ailaclark23", "Media Type": "STORY", "View Date": "2022-03-28 08:13:48 UTC"}, {"View": "ailaclark23", "Media Type": "", "View Date": "2022-03-28 08:13:45 UTC"}, {"View": "brady.rodger", "Media Type": "STORY", "View Date": "2022-03-28 08:13:32 UTC"}, {"View": "brady.rodger", "Media Type": "VIDEO", "View Date": "2022-03-28 08:13:21 UTC"}, {"View": "brady.rodger", "Media Type": "VIDEO", "View Date": "2022-03-28 08:13:12 UTC"}, {"View": "kagalovska", "Media Type": "VIDEO", "View Date": "2022-03-27 12:53:41 UTC"}, {"View": "kagalovska", "Media Type": "STORY", "View Date": "2022-03-27 12:53:41 UTC"}, {"View": "bitmoji_stor", "Media Type": "VIDEO", "View Date": "2022-03-27 12:42:37 UTC"}, {"View": "bitmoji_stor", "Media Type": "STORY", "View Date": "2022-03-27 12:42:37 UTC"}, {"View": "bitmoji_stor", "Media Type": "VIDEO", "View Date": "2022-03-27 12:42:34 UTC"}, {"View": "bitmoji_stor", "Media Type": "VIDEO", "View Date": "2022-03-27 12:42:34 UTC"}, {"View": "bitmoji_stor", "Media Type": "VIDEO", "View Date": "2022-03-27 12:42:33 UTC"}, {"View": "bitmoji_stor", "Media Type": "VIDEO", "View Date": "2022-03-27 12:42:32 UTC"}, {"View": "bitmoji_stor", "Media Type": "VIDEO", "View Date": "2022-03-27 12:42:29 UTC"}, {"View": "bitmoji_stor", "Media Type": "VIDEO", "View Date": "2022-03-27 12:42:26 UTC"}, {"View": "psych2goshow", "Media Type": "VIDEO", "View Date": "2022-03-27 12:42:05 UTC"}, {"View": "psych2goshow", "Media Type": "STORY", "View Date": "2022-03-27 12:42:05 UTC"}, {"View": "ed-bdgmedia", "Media Type": "VIDEO", "View Date": "2022-03-27 12:41:57 UTC"}, {"View": "ed-bdgmedia", "Media Type": "STORY", "View Date": "2022-03-27 12:41:57 UTC"}, {"View": "positivityfix", "Media Type": "VIDEO", "View Date": "2022-03-27 12:41:56 UTC"}, {"View": "positivityfix", "Media Type": "STORY", "View Date": "2022-03-27 12:41:56 UTC"}, {"View": "positivityfix", "Media Type": "VIDEO", "View Date": "2022-03-27 12:41:55 UTC"}, {"View": "positivityfix", "Media Type": "VIDEO", "View Date": "2022-03-27 12:41:54 UTC"}, {"View": "positivityfix", "Media Type": "VIDEO", "View Date": "2022-03-27 12:41:53 UTC"}, {"View": "ed-bdgmedia", "Media Type": "VIDEO", "View Date": "2022-03-27 12:41:52 UTC"}, {"View": "ed-bdgmedia", "Media Type": "STORY", "View Date": "2022-03-27 12:41:52 UTC"}, {"View": "psych2goshow", "Media Type": "VIDEO", "View Date": "2022-03-27 12:34:21 UTC"}, {"View": "psych2goshow", "Media Type": "STORY", "View Date": "2022-03-27 12:34:21 UTC"}, {"View": "psych2goshow", "Media Type": "VIDEO", "View Date": "2022-03-27 12:34:15 UTC"}, {"View": "psych2goshow", "Media Type": "VIDEO", "View Date": "2022-03-27 12:33:57 UTC"}, {"View": "psych2goshow", "Media Type": "VIDEO", "View Date": "2022-03-27 12:33:50 UTC"}, {"View": "psych2goshow", "Media Type": "VIDEO", "View Date": "2022-03-27 12:33:34 UTC"}, {"View": "psych2goshow", "Media Type": "VIDEO", "View Date": "2022-03-27 12:33:29 UTC"}, {"View": "psych2goshow", "Media Type": "VIDEO", "View Date": "2022-03-27 12:33:18 UTC"}, {"View": "psych2goshow", "Media Type": "VIDEO", "View Date": "2022-03-27 12:33:11 UTC"}, {"View": "psych2goshow", "Media Type": "VIDEO", "View Date": "2022-03-27 12:32:54 UTC"}, {"View": "psych2goshow", "Media Type": "STORY", "View Date": "2022-03-27 12:32:54 UTC"}, {"View": "psych2goshow", "Media Type": "VIDEO", "View Date": "2022-03-27 12:32:50 UTC"}, {"View": "psych2goshow", "Media Type": "VIDEO", "View Date": "2022-03-27 12:32:49 UTC"}, {"View": "psych2goshow", "Media Type": "VIDEO", "View Date": "2022-03-27 12:32:30 UTC"}, {"View": "psych2goshow", "Media Type": "VIDEO", "View Date": "2022-03-27 12:32:23 UTC"}, {"View": "psych2goshow", "Media Type": "VIDEO", "View Date": "2022-03-27 12:32:07 UTC"}, {"View": "psych2goshow", "Media Type": "VIDEO", "View Date": "2022-03-27 12:32:02 UTC"}, {"View": "psych2goshow", "Media Type": "VIDEO", "View Date": "2022-03-27 12:31:51 UTC"}, {"View": "psych2goshow", "Media Type": "VIDEO", "View Date": "2022-03-27 12:31:44 UTC"}, {"View": "psych2goshow", "Media Type": "VIDEO", "View Date": "2022-03-27 12:31:28 UTC"}, {"View": "ed-bdgmedia", "Media Type": "VIDEO", "View Date": "2022-03-27 12:31:26 UTC"}, {"View": "ed-bdgmedia", "Media Type": "STORY", "View Date": "2022-03-27 12:31:26 UTC"}, {"View": "ed-bdgmedia", "Media Type": "VIDEO", "View Date": "2022-03-27 12:31:23 UTC"}, {"View": "ed-bdgmedia", "Media Type": "VIDEO", "View Date": "2022-03-27 12:30:55 UTC"}, {"View": "ed-bdgmedia", "Media Type": "VIDEO", "View Date": "2022-03-27 12:30:53 UTC"}, {"View": "ed-bdgmedia", "Media Type": "VIDEO", "View Date": "2022-03-27 12:30:50 UTC"}, {"View": "ed-bdgmedia", "Media Type": "VIDEO", "View Date": "2022-03-27 12:30:46 UTC"}, {"View": "ed-bdgmedia", "Media Type": "VIDEO", "View Date": "2022-03-27 12:30:35 UTC"}, {"View": "ed-bdgmedia", "Media Type": "VIDEO", "View Date": "2022-03-27 12:30:35 UTC"}, {"View": "ed-bdgmedia", "Media Type": "VIDEO", "View Date": "2022-03-27 12:30:32 UTC"}, {"View": "ed-bdgmedia", "Media Type": "VIDEO", "View Date": "2022-03-27 12:30:31 UTC"}, {"View": "ed-bdgmedia", "Media Type": "VIDEO", "View Date": "2022-03-27 12:30:24 UTC"}, {"View": "ed-bdgmedia", "Media Type": "VIDEO", "View Date": "2022-03-27 12:29:57 UTC"}, {"View": "ed-bdgmedia", "Media Type": "VIDEO", "View Date": "2022-03-27 12:29:46 UTC"}, {"View": "psych2goshow", "Media Type": "VIDEO", "View Date": "2022-03-27 12:29:32 UTC"}, {"View": "psych2goshow", "Media Type": "STORY", "View Date": "2022-03-27 12:29:32 UTC"}, {"View": "psych2goshow", "Media Type": "VIDEO", "View Date": "2022-03-27 12:29:26 UTC"}, {"View": "psych2goshow", "Media Type": "VIDEO", "View Date": "2022-03-27 12:29:17 UTC"}, {"View": "psych2goshow", "Media Type": "VIDEO", "View Date": "2022-03-27 12:29:10 UTC"}, {"View": "psych2goshow", "Media Type": "VIDEO", "View Date": "2022-03-27 12:28:56 UTC"}, {"View": "psych2goshow", "Media Type": "VIDEO", "View Date": "2022-03-27 12:28:48 UTC"}, {"View": "psych2goshow", "Media Type": "VIDEO", "View Date": "2022-03-27 12:28:39 UTC"}, {"View": "psych2goshow", "Media Type": "VIDEO", "View Date": "2022-03-27 12:28:29 UTC"}, {"View": "psych2goshow", "Media Type": "VIDEO", "View Date": "2022-03-27 12:28:16 UTC"}, {"View": "psych2goshow", "Media Type": "VIDEO", "View Date": "2022-03-27 12:28:03 UTC"}, {"View": "psych2goshow", "Media Type": "VIDEO", "View Date": "2022-03-27 12:27:54 UTC"}, {"View": "psych2goshow", "Media Type": "VIDEO", "View Date": "2022-03-27 12:27:43 UTC"}, {"View": "psych2goshow", "Media Type": "VIDEO", "View Date": "2022-03-27 12:27:28 UTC"}, {"View": "psych2goshow", "Media Type": "STORY", "View Date": "2022-03-27 12:27:28 UTC"}, {"View": "psych2goshow", "Media Type": "VIDEO", "View Date": "2022-03-27 12:27:19 UTC"}, {"View": "psych2goshow", "Media Type": "VIDEO", "View Date": "2022-03-27 12:27:09 UTC"}, {"View": "psych2goshow", "Media Type": "VIDEO", "View Date": "2022-03-27 12:26:58 UTC"}, {"View": "rmsnapshow", "Media Type": "STORY", "View Date": "2022-03-27 12:26:47 UTC"}, {"View": "rmsnapshow", "Media Type": "VIDEO", "View Date": "2022-03-27 12:26:38 UTC"}, {"View": "rmsnapshow", "Media Type": "VIDEO", "View Date": "2022-03-27 12:26:34 UTC"}, {"View": "rmsnapshow", "Media Type": "VIDEO", "View Date": "2022-03-27 12:26:31 UTC"}, {"View": "rmsnapshow", "Media Type": "VIDEO", "View Date": "2022-03-27 12:26:30 UTC"}, {"View": "rmsnapshow", "Media Type": "VIDEO", "View Date": "2022-03-27 12:26:29 UTC"}, {"View": "rmsnapshow", "Media Type": "VIDEO", "View Date": "2022-03-27 12:26:26 UTC"}, {"View": "rmsnapshow", "Media Type": "VIDEO", "View Date": "2022-03-27 12:26:24 UTC"}, {"View": "rmsnapshow", "Media Type": "VIDEO", "View Date": "2022-03-27 12:26:23 UTC"}, {"View": "rmsnapshow", "Media Type": "VIDEO", "View Date": "2022-03-27 12:26:22 UTC"}, {"View": "rmsnapshow", "Media Type": "VIDEO", "View Date": "2022-03-27 12:26:17 UTC"}, {"View": "rmsnapshow", "Media Type": "VIDEO", "View Date": "2022-03-27 12:26:12 UTC"}, {"View": "rmsnapshow", "Media Type": "VIDEO", "View Date": "2022-03-27 12:26:06 UTC"}, {"View": "rmsnapshow", "Media Type": "VIDEO", "View Date": "2022-03-27 12:26:04 UTC"}, {"View": "rmsnapshow", "Media Type": "VIDEO", "View Date": "2022-03-27 12:26:00 UTC"}, {"View": "rmsnapshow", "Media Type": "VIDEO", "View Date": "2022-03-27 12:25:56 UTC"}, {"View": "rmsnapshow", "Media Type": "VIDEO", "View Date": "2022-03-27 12:25:51 UTC"}, {"View": "rmsnapshow", "Media Type": "VIDEO", "View Date": "2022-03-27 12:25:45 UTC"}, {"View": "rmsnapshow", "Media Type": "VIDEO", "View Date": "2022-03-27 12:25:40 UTC"}, {"View": "rmsnapshow", "Media Type": "VIDEO", "View Date": "2022-03-27 12:25:35 UTC"}, {"View": "rmsnapshow", "Media Type": "VIDEO", "View Date": "2022-03-27 12:25:30 UTC"}, {"View": "rmsnapshow", "Media Type": "VIDEO", "View Date": "2022-03-27 12:25:24 UTC"}, {"View": "rmsnapshow", "Media Type": "VIDEO", "View Date": "2022-03-27 12:25:19 UTC"}, {"View": "rmsnapshow", "Media Type": "VIDEO", "View Date": "2022-03-27 12:25:12 UTC"}, {"View": "rmsnapshow", "Media Type": "STORY", "View Date": "2022-03-27 12:25:12 UTC"}, {"View": "rmsnapshow", "Media Type": "VIDEO", "View Date": "2022-03-27 12:25:11 UTC"}, {"View": "rmsnapshow", "Media Type": "VIDEO", "View Date": "2022-03-27 12:25:11 UTC"}, {"View": "rmsnapshow", "Media Type": "VIDEO", "View Date": "2022-03-27 12:25:10 UTC"}, {"View": "rmsnapshow", "Media Type": "VIDEO", "View Date": "2022-03-27 12:25:09 UTC"}, {"View": "rmsnapshow", "Media Type": "VIDEO", "View Date": "2022-03-27 12:25:09 UTC"}, {"View": "rmsnapshow", "Media Type": "VIDEO", "View Date": "2022-03-27 12:25:06 UTC"}, {"View": "rmsnapshow", "Media Type": "VIDEO", "View Date": "2022-03-27 12:25:01 UTC"}, {"View": "rmsnapshow", "Media Type": "VIDEO", "View Date": "2022-03-27 12:25:00 UTC"}, {"View": "rmsnapshow", "Media Type": "VIDEO", "View Date": "2022-03-27 12:24:58 UTC"}, {"View": "rmsnapshow", "Media Type": "VIDEO", "View Date": "2022-03-27 12:24:52 UTC"}, {"View": "rmsnapshow", "Media Type": "VIDEO", "View Date": "2022-03-27 12:24:49 UTC"}, {"View": "rmsnapshow", "Media Type": "VIDEO", "View Date": "2022-03-27 12:24:45 UTC"}, {"View": "rmsnapshow", "Media Type": "VIDEO", "View Date": "2022-03-27 12:24:44 UTC"}, {"View": "rmsnapshow", "Media Type": "VIDEO", "View Date": "2022-03-27 12:24:44 UTC"}, {"View": "rmsnapshow", "Media Type": "VIDEO", "View Date": "2022-03-27 12:24:43 UTC"}, {"View": "rmsnapshow", "Media Type": "VIDEO", "View Date": "2022-03-27 12:24:43 UTC"}, {"View": "rmsnapshow", "Media Type": "VIDEO", "View Date": "2022-03-27 12:24:42 UTC"}, {"View": "rmsnapshow", "Media Type": "VIDEO", "View Date": "2022-03-27 12:24:42 UTC"}, {"View": "rmsnapshow", "Media Type": "VIDEO", "View Date": "2022-03-27 12:24:41 UTC"}, {"View": "rmsnapshow", "Media Type": "VIDEO", "View Date": "2022-03-27 12:24:40 UTC"}, {"View": "rmsnapshow", "Media Type": "VIDEO", "View Date": "2022-03-27 12:24:39 UTC"}, {"View": "rmsnapshow", "Media Type": "VIDEO", "View Date": "2022-03-27 12:24:37 UTC"}, {"View": "rmsnapshow", "Media Type": "VIDEO", "View Date": "2022-03-27 12:24:29 UTC"}, {"View": "rmsnapshow", "Media Type": "VIDEO", "View Date": "2022-03-27 12:24:27 UTC"}, {"View": "rmsnapshow", "Media Type": "VIDEO", "View Date": "2022-03-27 12:24:26 UTC"}, {"View": "rmsnapshow", "Media Type": "VIDEO", "View Date": "2022-03-27 12:24:21 UTC"}, {"View": "rmsnapshow", "Media Type": "VIDEO", "View Date": "2022-03-27 12:24:16 UTC"}, {"View": "rmsnapshow", "Media Type": "VIDEO", "View Date": "2022-03-27 12:24:10 UTC"}, {"View": "rmsnapshow", "Media Type": "VIDEO", "View Date": "2022-03-27 12:24:07 UTC"}, {"View": "rmsnapshow", "Media Type": "VIDEO", "View Date": "2022-03-27 12:24:02 UTC"}, {"View": "rmsnapshow", "Media Type": "VIDEO", "View Date": "2022-03-27 12:23:57 UTC"}, {"View": "rmsnapshow", "Media Type": "STORY", "View Date": "2022-03-27 12:23:50 UTC"}, {"View": "rmsnapshow", "Media Type": "VIDEO", "View Date": "2022-03-27 12:22:43 UTC"}, {"View": "rmsnapshow", "Media Type": "VIDEO", "View Date": "2022-03-27 12:22:42 UTC"}, {"View": "rmsnapshow", "Media Type": "VIDEO", "View Date": "2022-03-27 12:22:41 UTC"}, {"View": "rmsnapshow", "Media Type": "VIDEO", "View Date": "2022-03-27 12:22:39 UTC"}, {"View": "rmsnapshow", "Media Type": "VIDEO", "View Date": "2022-03-27 12:22:34 UTC"}, {"View": "rmsnapshow", "Media Type": "VIDEO", "View Date": "2022-03-27 12:22:29 UTC"}, {"View": "rmsnapshow", "Media Type": "VIDEO", "View Date": "2022-03-27 12:22:24 UTC"}, {"View": "rmsnapshow", "Media Type": "VIDEO", "View Date": "2022-03-27 12:22:21 UTC"}, {"View": "rmsnapshow", "Media Type": "VIDEO", "View Date": "2022-03-27 12:22:14 UTC"}, {"View": "rmsnapshow", "Media Type": "VIDEO", "View Date": "2022-03-27 12:22:08 UTC"}, {"View": "rmsnapshow", "Media Type": "VIDEO", "View Date": "2022-03-27 12:22:01 UTC"}, {"View": "rmsnapshow", "Media Type": "VIDEO", "View Date": "2022-03-27 12:21:59 UTC"}, {"View": "rmsnapshow", "Media Type": "VIDEO", "View Date": "2022-03-27 12:21:55 UTC"}, {"View": "rmsnapshow", "Media Type": "VIDEO", "View Date": "2022-03-27 12:21:51 UTC"}, {"View": "rmsnapshow", "Media Type": "VIDEO", "View Date": "2022-03-27 12:21:46 UTC"}, {"View": "rmsnapshow", "Media Type": "VIDEO", "View Date": "2022-03-27 12:21:43 UTC"}, {"View": "rmsnapshow", "Media Type": "VIDEO", "View Date": "2022-03-27 12:21:38 UTC"}, {"View": "rmsnapshow", "Media Type": "VIDEO", "View Date": "2022-03-27 12:21:35 UTC"}, {"View": "rmsnapshow", "Media Type": "VIDEO", "View Date": "2022-03-27 12:21:27 UTC"}, {"View": "rmsnapshow", "Media Type": "VIDEO", "View Date": "2022-03-27 12:21:22 UTC"}, {"View": "rmsnapshow", "Media Type": "VIDEO", "View Date": "2022-03-27 12:21:16 UTC"}, {"View": "rmsnapshow", "Media Type": "VIDEO", "View Date": "2022-03-27 12:21:11 UTC"}, {"View": "rmsnapshow", "Media Type": "VIDEO", "View Date": "2022-03-27 12:21:08 UTC"}, {"View": "rmsnapshow", "Media Type": "VIDEO", "View Date": "2022-03-27 12:21:04 UTC"}, {"View": "rmsnapshow", "Media Type": "VIDEO", "View Date": "2022-03-27 12:20:58 UTC"}, {"View": "rmsnapshow", "Media Type": "VIDEO", "View Date": "2022-03-27 12:20:55 UTC"}, {"View": "rmsnapshow", "Media Type": "VIDEO", "View Date": "2022-03-27 12:20:50 UTC"}, {"View": "rmsnapshow", "Media Type": "VIDEO", "View Date": "2022-03-27 12:20:43 UTC"}, {"View": "rmsnapshow", "Media Type": "STORY", "View Date": "2022-03-27 12:20:43 UTC"}, {"View": "rmsnapshow", "Media Type": "VIDEO", "View Date": "2022-03-27 12:20:40 UTC"}, {"View": "rmsnapshow", "Media Type": "STORY", "View Date": "2022-03-27 12:20:40 UTC"}, {"View": "rmsnapshow", "Media Type": "VIDEO", "View Date": "2022-03-27 12:20:38 UTC"}, {"View": "rmsnapshow", "Media Type": "VIDEO", "View Date": "2022-03-27 12:20:30 UTC"}, {"View": "rmsnapshow", "Media Type": "VIDEO", "View Date": "2022-03-27 12:20:27 UTC"}, {"View": "rmsnapshow", "Media Type": "VIDEO", "View Date": "2022-03-27 12:20:22 UTC"}, {"View": "rmsnapshow", "Media Type": "VIDEO", "View Date": "2022-03-27 12:20:17 UTC"}, {"View": "beatiger", "Media Type": "", "View Date": "2022-03-27 10:52:09 UTC"}, {"View": "beatiger", "Media Type": "STORY", "View Date": "2022-03-27 10:52:09 UTC"}, {"View": "mansidoyal", "Media Type": "VIDEO", "View Date": "2022-03-26 22:59:35 UTC"}, {"View": "mansidoyal", "Media Type": "STORY", "View Date": "2022-03-26 22:59:35 UTC"}, {"View": "smclaughlan6290", "Media Type": "", "View Date": "2022-03-26 22:56:46 UTC"}, {"View": "smclaughlan6290", "Media Type": "STORY", "View Date": "2022-03-26 22:56:46 UTC"}, {"View": "smclaughlan6290", "Media Type": "", "View Date": "2022-03-26 22:56:45 UTC"}, {"View": "beatiger", "Media Type": "", "View Date": "2022-03-26 22:56:38 UTC"}, {"View": "beatiger", "Media Type": "STORY", "View Date": "2022-03-26 22:56:38 UTC"}, {"View": "bitmoji_stor", "Media Type": "STORY", "View Date": "2022-03-26 05:23:37 UTC"}, {"View": "bitmoji_stor", "Media Type": "VIDEO", "View Date": "2022-03-26 05:23:34 UTC"}, {"View": "bitmoji_stor", "Media Type": "VIDEO", "View Date": "2022-03-26 05:23:32 UTC"}, {"View": "bitmoji_stor", "Media Type": "VIDEO", "View Date": "2022-03-26 05:23:30 UTC"}, {"View": "bitmoji_stor", "Media Type": "VIDEO", "View Date": "2022-03-26 05:23:27 UTC"}, {"View": "bitmoji_stor", "Media Type": "VIDEO", "View Date": "2022-03-26 05:23:23 UTC"}, {"View": "bitmoji_stor", "Media Type": "VIDEO", "View Date": "2022-03-26 05:23:18 UTC"}, {"View": "bitmoji_stor", "Media Type": "VIDEO", "View Date": "2022-03-26 05:23:16 UTC"}, {"View": "bitmoji_stor", "Media Type": "VIDEO", "View Date": "2022-03-26 05:23:12 UTC"}, {"View": "bitmoji_stor", "Media Type": "VIDEO", "View Date": "2022-03-26 05:23:03 UTC"}, {"View": "bitmoji_stor", "Media Type": "VIDEO", "View Date": "2022-03-26 05:22:56 UTC"}, {"View": "bitmoji_stor", "Media Type": "VIDEO", "View Date": "2022-03-26 05:22:53 UTC"}, {"View": "bitmoji_stor", "Media Type": "VIDEO", "View Date": "2022-03-26 05:22:48 UTC"}, {"View": "bitmoji_stor", "Media Type": "VIDEO", "View Date": "2022-03-26 05:22:42 UTC"}, {"View": "baileyspinn", "Media Type": "VIDEO", "View Date": "2022-03-26 05:22:36 UTC"}, {"View": "baileyspinn", "Media Type": "STORY", "View Date": "2022-03-26 05:22:36 UTC"}, {"View": "jessiefrater", "Media Type": "VIDEO", "View Date": "2022-03-26 05:13:34 UTC"}, {"View": "jessiefrater", "Media Type": "STORY", "View Date": "2022-03-26 05:13:34 UTC"}, {"View": "makena_brianne", "Media Type": "VIDEO", "View Date": "2022-03-20 23:33:40 UTC"}, {"View": "makena_brianne", "Media Type": "STORY", "View Date": "2022-03-20 23:33:40 UTC"}, {"View": "hallofinsane", "Media Type": "VIDEO", "View Date": "2022-03-20 08:26:36 UTC"}, {"View": "hallofinsane", "Media Type": "STORY", "View Date": "2022-03-20 08:26:36 UTC"}, {"View": "hallofinsane", "Media Type": "VIDEO", "View Date": "2022-03-20 08:26:33 UTC"}, {"View": "hallofinsane", "Media Type": "VIDEO", "View Date": "2022-03-20 08:26:30 UTC"}, {"View": "hallofinsane", "Media Type": "VIDEO", "View Date": "2022-03-20 08:26:28 UTC"}, {"View": "hallofinsane", "Media Type": "VIDEO", "View Date": "2022-03-20 08:26:25 UTC"}, {"View": "hallofinsane", "Media Type": "VIDEO", "View Date": "2022-03-20 08:26:23 UTC"}, {"View": "hallofinsane", "Media Type": "VIDEO", "View Date": "2022-03-20 08:26:21 UTC"}, {"View": "hallofinsane", "Media Type": "VIDEO", "View Date": "2022-03-20 08:26:17 UTC"}, {"View": "hallofinsane", "Media Type": "VIDEO", "View Date": "2022-03-20 08:26:13 UTC"}, {"View": "hallofinsane", "Media Type": "VIDEO", "View Date": "2022-03-20 08:25:59 UTC"}, {"View": "hallofinsane", "Media Type": "VIDEO", "View Date": "2022-03-20 08:25:56 UTC"}, {"View": "hallofinsane", "Media Type": "VIDEO", "View Date": "2022-03-20 08:25:53 UTC"}, {"View": "hallofinsane", "Media Type": "VIDEO", "View Date": "2022-03-20 08:25:50 UTC"}, {"View": "hallofinsane", "Media Type": "VIDEO", "View Date": "2022-03-20 08:25:45 UTC"}, {"View": "hallofinsane", "Media Type": "VIDEO", "View Date": "2022-03-20 08:25:43 UTC"}, {"View": "hallofinsane", "Media Type": "VIDEO", "View Date": "2022-03-20 08:25:39 UTC"}, {"View": "hallofinsane", "Media Type": "VIDEO", "View Date": "2022-03-20 08:25:31 UTC"}, {"View": "hallofinsane", "Media Type": "VIDEO", "View Date": "2022-03-20 08:25:28 UTC"}, {"View": "hallofinsane", "Media Type": "VIDEO", "View Date": "2022-03-20 08:25:26 UTC"}, {"View": "hallofinsane", "Media Type": "VIDEO", "View Date": "2022-03-20 08:25:24 UTC"}, {"View": "hallofinsane", "Media Type": "VIDEO", "View Date": "2022-03-20 08:25:21 UTC"}, {"View": "hallofinsane", "Media Type": "VIDEO", "View Date": "2022-03-20 08:25:19 UTC"}, {"View": "hallofinsane", "Media Type": "VIDEO", "View Date": "2022-03-20 08:25:17 UTC"}, {"View": "hallofinsane", "Media Type": "VIDEO", "View Date": "2022-03-20 08:25:14 UTC"}, {"View": "hallofinsane", "Media Type": "VIDEO", "View Date": "2022-03-20 08:25:11 UTC"}, {"View": "hallofinsane", "Media Type": "VIDEO", "View Date": "2022-03-20 08:24:54 UTC"}, {"View": "hallofinsane", "Media Type": "VIDEO", "View Date": "2022-03-20 08:24:51 UTC"}, {"View": "hallofinsane", "Media Type": "VIDEO", "View Date": "2022-03-20 08:24:49 UTC"}, {"View": "hallofinsane", "Media Type": "VIDEO", "View Date": "2022-03-20 08:24:45 UTC"}, {"View": "hallofinsane", "Media Type": "VIDEO", "View Date": "2022-03-20 08:24:42 UTC"}, {"View": "hallofinsane", "Media Type": "VIDEO", "View Date": "2022-03-20 08:24:40 UTC"}, {"View": "hallofinsane", "Media Type": "VIDEO", "View Date": "2022-03-20 08:24:37 UTC"}, {"View": "sarahlopezss10", "Media Type": "VIDEO", "View Date": "2022-03-20 08:24:32 UTC"}, {"View": "sarahlopezss10", "Media Type": "STORY", "View Date": "2022-03-20 08:24:32 UTC"}, {"View": "coolstorybrotv", "Media Type": "VIDEO", "View Date": "2022-03-20 08:24:27 UTC"}, {"View": "coolstorybrotv", "Media Type": "STORY", "View Date": "2022-03-20 08:24:27 UTC"}, {"View": "coolstorybrotv", "Media Type": "VIDEO", "View Date": "2022-03-20 08:24:21 UTC"}, {"View": "coolstorybrotv", "Media Type": "VIDEO", "View Date": "2022-03-20 08:24:17 UTC"}, {"View": "coolstorybrotv", "Media Type": "VIDEO", "View Date": "2022-03-20 08:24:13 UTC"}, {"View": "coolstorybrotv", "Media Type": "VIDEO", "View Date": "2022-03-20 08:24:09 UTC"}, {"View": "coolstorybrotv", "Media Type": "VIDEO", "View Date": "2022-03-20 08:24:05 UTC"}, {"View": "smclaughlan6290", "Media Type": "STORY", "View Date": "2022-03-20 08:22:46 UTC"}, {"View": "smclaughlan6290", "Media Type": "VIDEO", "View Date": "2022-03-20 08:22:44 UTC"}, {"View": "deijahn323", "Media Type": "STORY", "View Date": "2022-03-20 08:22:34 UTC"}, {"View": "deijahn323", "Media Type": "VIDEO", "View Date": "2022-03-20 08:22:32 UTC"}, {"View": "deijahn323", "Media Type": "VIDEO", "View Date": "2022-03-20 08:22:29 UTC"}, {"View": "truecrimeshow", "Media Type": "VIDEO", "View Date": "2022-03-19 20:43:46 UTC"}, {"View": "truecrimeshow", "Media Type": "STORY", "View Date": "2022-03-19 20:43:46 UTC"}, {"View": "truecrimeshow", "Media Type": "VIDEO", "View Date": "2022-03-19 20:43:43 UTC"}, {"View": "paigepiskin", "Media Type": "STORY", "View Date": "2022-03-19 20:43:42 UTC"}, {"View": "paigepiskin", "Media Type": "", "View Date": "2022-03-19 20:43:39 UTC"}, {"View": "paigepiskin", "Media Type": "", "View Date": "2022-03-19 20:43:38 UTC"}, {"View": "rmsnapshow", "Media Type": "STORY", "View Date": "2022-03-19 20:43:34 UTC"}, {"View": "rmsnapshow", "Media Type": "VIDEO", "View Date": "2022-03-19 20:43:31 UTC"}, {"View": "rmsnapshow", "Media Type": "VIDEO", "View Date": "2022-03-19 20:43:30 UTC"}, {"View": "rmsnapshow", "Media Type": "VIDEO", "View Date": "2022-03-19 20:43:30 UTC"}, {"View": "rmsnapshow", "Media Type": "VIDEO", "View Date": "2022-03-19 20:43:30 UTC"}, {"View": "rmsnapshow", "Media Type": "VIDEO", "View Date": "2022-03-19 20:43:26 UTC"}, {"View": "rmsnapshow", "Media Type": "VIDEO", "View Date": "2022-03-19 20:43:26 UTC"}, {"View": "rmsnapshow", "Media Type": "VIDEO", "View Date": "2022-03-19 20:43:22 UTC"}, {"View": "rmsnapshow", "Media Type": "VIDEO", "View Date": "2022-03-19 20:43:21 UTC"}, {"View": "rmsnapshow", "Media Type": "VIDEO", "View Date": "2022-03-19 20:43:18 UTC"}, {"View": "rmsnapshow", "Media Type": "VIDEO", "View Date": "2022-03-19 20:43:12 UTC"}, {"View": "rmsnapshow", "Media Type": "VIDEO", "View Date": "2022-03-19 20:43:12 UTC"}, {"View": "rmsnapshow", "Media Type": "VIDEO", "View Date": "2022-03-19 20:43:07 UTC"}, {"View": "rmsnapshow", "Media Type": "VIDEO", "View Date": "2022-03-19 20:43:04 UTC"}, {"View": "paigepiskin", "Media Type": "", "View Date": "2022-03-19 20:43:00 UTC"}, {"View": "paigepiskin", "Media Type": "STORY", "View Date": "2022-03-19 20:43:00 UTC"}, {"View": "rmsnapshow", "Media Type": "VIDEO", "View Date": "2022-03-19 20:42:50 UTC"}, {"View": "rmsnapshow", "Media Type": "STORY", "View Date": "2022-03-19 20:42:50 UTC"}, {"View": "rmsnapshow", "Media Type": "VIDEO", "View Date": "2022-03-19 20:42:48 UTC"}, {"View": "rmsnapshow", "Media Type": "VIDEO", "View Date": "2022-03-19 20:42:43 UTC"}, {"View": "rmsnapshow", "Media Type": "VIDEO", "View Date": "2022-03-19 20:42:40 UTC"}, {"View": "georgegoniss1", "Media Type": "VIDEO", "View Date": "2022-03-19 17:43:12 UTC"}, {"View": "georgegoniss1", "Media Type": "STORY", "View Date": "2022-03-19 17:43:12 UTC"}, {"View": "lexirivera", "Media Type": "VIDEO", "View Date": "2022-03-19 17:43:11 UTC"}, {"View": "lexirivera", "Media Type": "STORY", "View Date": "2022-03-19 17:43:11 UTC"}, {"View": "terapat", "Media Type": "VIDEO", "View Date": "2022-03-19 17:43:10 UTC"}, {"View": "terapat", "Media Type": "STORY", "View Date": "2022-03-19 17:43:10 UTC"}, {"View": "lexirivera", "Media Type": "VIDEO", "View Date": "2022-03-19 17:43:09 UTC"}, {"View": "lexirivera", "Media Type": "STORY", "View Date": "2022-03-19 17:43:09 UTC"}, {"View": "georgegoniss1", "Media Type": "VIDEO", "View Date": "2022-03-19 17:43:06 UTC"}, {"View": "georgegoniss1", "Media Type": "STORY", "View Date": "2022-03-19 17:43:06 UTC"}, {"View": "prrd010", "Media Type": "VIDEO", "View Date": "2022-03-19 17:43:00 UTC"}, {"View": "prrd010", "Media Type": "STORY", "View Date": "2022-03-19 17:43:00 UTC"}, {"View": "prrd010", "Media Type": "STORY", "View Date": "2022-03-19 17:22:22 UTC"}, {"View": "aureliestory", "Media Type": "VIDEO", "View Date": "2022-03-19 17:22:14 UTC"}, {"View": "aureliestory", "Media Type": "STORY", "View Date": "2022-03-19 17:22:14 UTC"}, {"View": "paigekenzie02", "Media Type": "VIDEO", "View Date": "2022-03-19 17:22:06 UTC"}, {"View": "paigekenzie02", "Media Type": "STORY", "View Date": "2022-03-19 17:22:06 UTC"}, {"View": "shayla_pawson", "Media Type": "STORY", "View Date": "2022-03-19 17:21:39 UTC"}, {"View": "shayla_pawson", "Media Type": "", "View Date": "2022-03-19 17:21:36 UTC"}, {"View": "bitmoji_stor", "Media Type": "VIDEO", "View Date": "2022-03-19 17:21:13 UTC"}, {"View": "bitmoji_stor", "Media Type": "STORY", "View Date": "2022-03-19 17:21:13 UTC"}, {"View": "bitmoji_stor", "Media Type": "VIDEO", "View Date": "2022-03-19 17:21:11 UTC"}, {"View": "bitmoji_stor", "Media Type": "VIDEO", "View Date": "2022-03-19 17:21:08 UTC"}, {"View": "bitmoji_stor", "Media Type": "VIDEO", "View Date": "2022-03-19 17:21:06 UTC"}, {"View": "bitmoji_stor", "Media Type": "VIDEO", "View Date": "2022-03-19 17:21:04 UTC"}, {"View": "bitmoji_stor", "Media Type": "VIDEO", "View Date": "2022-03-19 17:21:02 UTC"}, {"View": "bitmoji_stor", "Media Type": "VIDEO", "View Date": "2022-03-19 17:21:01 UTC"}, {"View": "bitmoji_stor", "Media Type": "VIDEO", "View Date": "2022-03-19 17:20:59 UTC"}, {"View": "bitmoji_stor", "Media Type": "VIDEO", "View Date": "2022-03-19 17:20:58 UTC"}, {"View": "bitmoji_stor", "Media Type": "VIDEO", "View Date": "2022-03-19 17:20:57 UTC"}, {"View": "bitmoji_stor", "Media Type": "VIDEO", "View Date": "2022-03-19 17:20:56 UTC"}, {"View": "bitmoji_stor", "Media Type": "VIDEO", "View Date": "2022-03-19 17:20:53 UTC"}, {"View": "bitmoji_stor", "Media Type": "VIDEO", "View Date": "2022-03-19 17:20:50 UTC"}, {"View": "bitmoji_stor", "Media Type": "VIDEO", "View Date": "2022-03-19 17:20:38 UTC"}, {"View": "smclaughlan6290", "Media Type": "STORY", "View Date": "2022-03-19 17:20:08 UTC"}, {"View": "smclaughlan6290", "Media Type": "", "View Date": "2022-03-19 17:20:03 UTC"}, {"View": "nico1eodeonn", "Media Type": "VIDEO", "View Date": "2022-03-19 17:19:43 UTC"}, {"View": "nico1eodeonn", "Media Type": "STORY", "View Date": "2022-03-19 17:19:43 UTC"}, {"View": "devinc9", "Media Type": "VIDEO", "View Date": "2022-03-19 14:46:06 UTC"}, {"View": "devinc9", "Media Type": "STORY", "View Date": "2022-03-19 14:46:06 UTC"}, {"View": "tkd-joel", "Media Type": "VIDEO", "View Date": "2022-03-19 14:46:03 UTC"}, {"View": "tkd-joel", "Media Type": "STORY", "View Date": "2022-03-19 14:46:03 UTC"}, {"View": "beatiger", "Media Type": "STORY", "View Date": "2022-03-19 14:45:57 UTC"}, {"View": "beatiger", "Media Type": "VIDEO", "View Date": "2022-03-19 14:45:56 UTC"}, {"View": "smclaughlan6290", "Media Type": "", "View Date": "2022-03-19 14:45:37 UTC"}, {"View": "smclaughlan6290", "Media Type": "STORY", "View Date": "2022-03-19 14:45:37 UTC"}, {"View": "brady.rodger", "Media Type": "STORY", "View Date": "2022-03-19 14:45:22 UTC"}, {"View": "brady.rodger", "Media Type": "VIDEO", "View Date": "2022-03-19 14:45:21 UTC"}, {"View": "rmsnapshow", "Media Type": "STORY", "View Date": "2022-03-06 02:47:53 UTC"}, {"View": "rmsnapshow", "Media Type": "VIDEO", "View Date": "2022-03-06 02:47:50 UTC"}, {"View": "rmsnapshow", "Media Type": "VIDEO", "View Date": "2022-03-06 02:47:45 UTC"}, {"View": "rmsnapshow", "Media Type": "VIDEO", "View Date": "2022-03-06 02:47:42 UTC"}, {"View": "rmsnapshow", "Media Type": "VIDEO", "View Date": "2022-03-06 02:47:37 UTC"}, {"View": "bitmoji_stor", "Media Type": "VIDEO", "View Date": "2022-03-06 02:47:32 UTC"}, {"View": "bitmoji_stor", "Media Type": "STORY", "View Date": "2022-03-06 02:47:32 UTC"}, {"View": "bitmoji_stor", "Media Type": "VIDEO", "View Date": "2022-03-06 02:47:31 UTC"}, {"View": "bitmoji_stor", "Media Type": "VIDEO", "View Date": "2022-03-06 02:47:30 UTC"}, {"View": "bitmoji_stor", "Media Type": "VIDEO", "View Date": "2022-03-06 02:47:29 UTC"}, {"View": "bitmoji_stor", "Media Type": "VIDEO", "View Date": "2022-03-06 02:47:28 UTC"}, {"View": "bitmoji_stor", "Media Type": "VIDEO", "View Date": "2022-03-06 02:47:26 UTC"}, {"View": "bitmoji_stor", "Media Type": "VIDEO", "View Date": "2022-03-06 02:47:21 UTC"}, {"View": "bitmoji_stor", "Media Type": "VIDEO", "View Date": "2022-03-06 02:47:20 UTC"}, {"View": "bitmoji_stor", "Media Type": "VIDEO", "View Date": "2022-03-06 02:47:15 UTC"}, {"View": "bitmoji_stor", "Media Type": "VIDEO", "View Date": "2022-03-06 02:47:13 UTC"}, {"View": "bitmoji_stor", "Media Type": "VIDEO", "View Date": "2022-03-06 02:47:10 UTC"}, {"View": "bitmoji_stor", "Media Type": "VIDEO", "View Date": "2022-03-06 02:47:10 UTC"}, {"View": "bitmoji_stor", "Media Type": "VIDEO", "View Date": "2022-03-06 02:47:09 UTC"}, {"View": "bitmoji_stor", "Media Type": "VIDEO", "View Date": "2022-03-06 02:47:08 UTC"}, {"View": "bitmoji_stor", "Media Type": "VIDEO", "View Date": "2022-03-06 02:47:06 UTC"}, {"View": "bitmoji_stor", "Media Type": "VIDEO", "View Date": "2022-03-06 02:47:05 UTC"}, {"View": "bitmoji_stor", "Media Type": "VIDEO", "View Date": "2022-03-06 02:47:04 UTC"}, {"View": "bitmoji_stor", "Media Type": "VIDEO", "View Date": "2022-03-06 02:46:59 UTC"}, {"View": "bitmoji_stor", "Media Type": "VIDEO", "View Date": "2022-03-06 02:46:57 UTC"}, {"View": "bitmoji_stor", "Media Type": "VIDEO", "View Date": "2022-03-06 02:46:56 UTC"}, {"View": "bitmoji_stor", "Media Type": "VIDEO", "View Date": "2022-03-06 02:46:54 UTC"}, {"View": "bitmoji_stor", "Media Type": "VIDEO", "View Date": "2022-03-06 02:46:53 UTC"}, {"View": "bitmoji_stor", "Media Type": "VIDEO", "View Date": "2022-03-06 02:46:48 UTC"}, {"View": "bitmoji_stor", "Media Type": "VIDEO", "View Date": "2022-03-06 02:46:47 UTC"}, {"View": "rmsnapshow", "Media Type": "VIDEO", "View Date": "2022-03-06 02:46:43 UTC"}, {"View": "rmsnapshow", "Media Type": "STORY", "View Date": "2022-03-06 02:46:43 UTC"}, {"View": "bitmoji_stor", "Media Type": "VIDEO", "View Date": "2022-03-06 02:46:43 UTC"}, {"View": "bitmoji_stor", "Media Type": "STORY", "View Date": "2022-03-06 02:46:43 UTC"}, {"View": "bitmoji_stor", "Media Type": "VIDEO", "View Date": "2022-03-06 02:46:37 UTC"}, {"View": "bitmoji_stor", "Media Type": "VIDEO", "View Date": "2022-03-06 02:46:35 UTC"}, {"View": "bitmoji_stor", "Media Type": "VIDEO", "View Date": "2022-03-06 02:46:03 UTC"}, {"View": "wazgoodkareem", "Media Type": "VIDEO", "View Date": "2022-03-06 02:45:58 UTC"}, {"View": "wazgoodkareem", "Media Type": "STORY", "View Date": "2022-03-06 02:45:58 UTC"}, {"View": "loganbackflip", "Media Type": "VIDEO", "View Date": "2022-03-06 02:45:57 UTC"}, {"View": "loganbackflip", "Media Type": "STORY", "View Date": "2022-03-06 02:45:57 UTC"}]}