{"Outgoing Calls": [], "Incoming Calls": [], "Completed Calls": [], "Chat Sessions": [{"Date & Time": "2022-03-19 14:57:48 UTC", "People in Chat": 0, "People available": 1, "City": "christchurch", "Country": "NZ", "Length (sec)": 0, "Network": "MOBILE"}, {"Date & Time": "2022-03-19 14:57:20 UTC", "People in Chat": 0, "People available": 1, "City": "christchurch", "Country": "NZ", "Length (sec)": 12, "Network": "MOBILE"}, {"Date & Time": "2022-03-19 14:46:39 UTC", "People in Chat": 0, "People available": 1, "City": "christchurch", "Country": "NZ", "Length (sec)": 5, "Network": "MOBILE"}, {"Date & Time": "2022-03-19 14:46:17 UTC", "People in Chat": 0, "People available": 1, "City": "christchurch", "Country": "NZ", "Length (sec)": 4, "Network": "MOBILE"}, {"Date & Time": "2022-03-19 14:45:00 UTC", "People in Chat": 0, "People available": 1, "City": "christchurch", "Country": "NZ", "Length (sec)": 58, "Network": "MOBILE"}, {"Date & Time": "2022-03-19 14:44:00 UTC", "People in Chat": 0, "People available": 1, "City": "christchurch", "Country": "NZ", "Length (sec)": 30, "Network": "MOBILE"}, {"Date & Time": "2022-03-04 13:47:58 UTC", "People in Chat": 0, "People available": 1, "City": "christchurch", "Country": "NZ", "Length (sec)": 7, "Network": "MOBILE"}, {"Date & Time": "2022-03-04 13:46:09 UTC", "People in Chat": 0, "People available": 1, "City": "christchurch", "Country": "NZ", "Length (sec)": 4, "Network": "MOBILE"}, {"Date & Time": "2022-03-04 13:41:23 UTC", "People in Chat": 0, "People available": 1, "City": "christchurch", "Country": "NZ", "Length (sec)": 3, "Network": "MOBILE"}, {"Date & Time": "2022-03-04 13:41:18 UTC", "People in Chat": 0, "People available": 1, "City": "christchurch", "Country": "NZ", "Length (sec)": 8, "Network": "MOBILE"}, {"Date & Time": "2022-03-04 13:41:08 UTC", "People in Chat": 0, "People available": 1, "City": "christchurch", "Country": "NZ", "Length (sec)": 4, "Network": "MOBILE"}, {"Date & Time": "2022-03-04 13:40:55 UTC", "People in Chat": 0, "People available": 1, "City": "christchurch", "Country": "NZ", "Length (sec)": 3, "Network": "MOBILE"}, {"Date & Time": "2022-03-04 13:40:50 UTC", "People in Chat": 0, "People available": 1, "City": "christchurch", "Country": "NZ", "Length (sec)": 3, "Network": "MOBILE"}, {"Date & Time": "2022-03-04 13:40:45 UTC", "People in Chat": 0, "People available": 1, "City": "christchurch", "Country": "NZ", "Length (sec)": 6, "Network": "MOBILE"}, {"Date & Time": "2022-03-04 13:40:36 UTC", "People in Chat": 0, "People available": 1, "City": "christchurch", "Country": "NZ", "Length (sec)": 1, "Network": "MOBILE"}, {"Date & Time": "2022-03-04 13:40:28 UTC", "People in Chat": 0, "People available": 1, "City": "christchurch", "Country": "NZ", "Length (sec)": 3, "Network": "MOBILE"}, {"Date & Time": "2022-03-04 13:40:21 UTC", "People in Chat": 0, "People available": 1, "City": "christchurch", "Country": "NZ", "Length (sec)": 6, "Network": "MOBILE"}, {"Date & Time": "2022-03-04 13:40:02 UTC", "People in Chat": 0, "People available": 1, "City": "christchurch", "Country": "NZ", "Length (sec)": 2, "Network": "MOBILE"}, {"Date & Time": "2022-03-04 13:39:56 UTC", "People in Chat": 0, "People available": 1, "City": "christchurch", "Country": "NZ", "Length (sec)": 1, "Network": "MOBILE"}, {"Date & Time": "2022-03-04 13:39:49 UTC", "People in Chat": 0, "People available": 1, "City": "christchurch", "Country": "NZ", "Length (sec)": 2, "Network": "MOBILE"}, {"Date & Time": "2022-03-04 13:39:44 UTC", "People in Chat": 0, "People available": 1, "City": "christchurch", "Country": "NZ", "Length (sec)": 5, "Network": "MOBILE"}, {"Date & Time": "2022-03-04 13:39:28 UTC", "People in Chat": 0, "People available": 1, "City": "christchurch", "Country": "NZ", "Length (sec)": 7, "Network": "MOBILE"}, {"Date & Time": "2022-03-04 13:39:18 UTC", "People in Chat": 0, "People available": 1, "City": "christchurch", "Country": "NZ", "Length (sec)": 7, "Network": "MOBILE"}, {"Date & Time": "2022-03-04 13:39:07 UTC", "People in Chat": 0, "People available": 1, "City": "christchurch", "Country": "NZ", "Length (sec)": 14, "Network": "MOBILE"}, {"Date & Time": "2022-03-04 13:28:39 UTC", "People in Chat": 0, "People available": 1, "City": "christchurch", "Country": "NZ", "Length (sec)": 82, "Network": "MOBILE"}, {"Date & Time": "2022-03-04 13:26:38 UTC", "People in Chat": 0, "People available": 1, "City": "christchurch", "Country": "NZ", "Length (sec)": 3, "Network": "MOBILE"}, {"Date & Time": "2022-03-04 13:25:45 UTC", "People in Chat": 0, "People available": 1, "City": "christchurch", "Country": "NZ", "Length (sec)": 182, "Network": "MOBILE"}], "Game Sessions": []}