{"Snap Inc. Terms of Service": [{"Version": "Snap Privacy Policy &amp; Terms of Service - September 26, 2017", "Acceptance Date": "2019-07-24 02:12:11 UTC"}, {"Version": "Snap Privacy Policy &amp; Terms of Service - September 30, 2021", "Acceptance Date": "2021-09-02 09:44:27 UTC"}, {"Version": "Snap Terms of Service - February 18, 2019", "Acceptance Date": "2019-07-24 02:12:11 UTC"}, {"Version": "Snap Privacy Policy &amp; Terms of Service - September 30, 2019", "Acceptance Date": "2019-10-05 10:12:44 UTC"}, {"Version": "Memories Terms of Service", "Acceptance Date": "2020-11-12 19:46:30 UTC"}, {"Version": "Snap Terms of Service &amp; Privacy Policy - November 15, 2021", "Acceptance Date": "2021-11-20 03:09:00 UTC"}, {"Version": "Snap Privacy Policy &amp; Terms of Service - January 10, 2017", "Acceptance Date": "2019-07-24 02:12:11 UTC"}], "Custom Creative Tools Terms": [], "Business Services Terms": [], "Games Terms": []}