{"App Profile": {"Country": "NZ", "Creation Time": "2019-07-24 02:12:11 UTC", "Account Creation Country": "NZ", "Platform Version": "ANDROID", "In-app Language": "en_GB"}, "Demographics": {"Cohort Age": "AGE_25_TO_34", "Derived Ad Demographic": "FEMALE"}, "Subscriptions": [], "Engagement": [{"Event": "Chats Sent", "Occurrences": 31}, {"Event": "Discover Snap Views", "Occurrences": 275}, {"Event": "Discover Editions Viewed", "Occurrences": 28}, {"Event": "Story Ads Viewed", "Occurrences": 56}, {"Event": "Application Opens", "Occurrences": 116}, {"Event": "Story Views", "Occurrences": 62}, {"Event": "Snaps Viewed in a Story", "Occurrences": 76}, {"Event": "Geofilter Story Snaps Viewed", "Occurrences": 7}, {"Event": "Chats Viewed", "Occurrences": 39}, {"Event": "Direct Snaps Viewed", "Occurrences": 4}, {"Event": "Snap Views", "Occurrences": 3}], "Discover Channels Viewed": [{"Channel Name": "0f5853c2-31c6-4ae4-9e7f-618b6cba3838"}, {"Channel Name": "1830b802-2dad-4cfa-906d-f028d7574db4"}, {"Channel Name": "28a22bd0-6c97-4a1a-b50c-a1ebdcb9b8c8"}, {"Channel Name": "8ab705a9-dac9-482a-8ccd-2799c17bb026"}, {"Channel Name": "9b88cae9-dc84-4ff5-ba91-ad6731985aca"}, {"Channel Name": "Bitmoji"}, {"Channel Name": "Elite Daily"}, {"Channel Name": "f6235fe8-6323-4387-bf98-eac964d65b68"}], "Breakdown of Time Spent on App": ["Camera: 7.05%", "Discover: 19.87%", "Map: 1.25%", "Memories: 0.70%", "Messaging: 47.47%", "Others: 9.34%", "Profile: 14.31%"], "Ads You Interacted With": [{"Advertiser Name": "Product Madness", "Date": "2022-03-19"}, {"Advertiser Name": "Snap Inc.", "Date": "2022-03-27"}], "Interest Categories": ["World Music Fans", "Fashion & Style Gurus", "Action & Thriller Genre Fans", "Parents & Family-Focused", "Film & TV Fans", "Frequent Domestic Travelers", "Outdoor & Nature Enthusiasts", "Travel Enthusiasts - HEC", "Cordcutters", "Comedy Fans", "Pet & Animal Lovers", "Family Genre Fans", "Music Fans - HEC", "Drama Genre Fans", "Automotive Enthusiasts", "Mobile Gamers - Casual", "PC Gamers", "Mobile Gamers - Simulation", "Advocates & Activists - HEC", "Teen & Young Adult Genre Fans", "Hipsters & Trendsetters - HEC", "Investors & Entrepreneurs - HEC", "Wellness & Healthy Lifestyle", "Travel Enthusiasts", "Men's Lifestyle", "Business Travelers", "Music Fans", "Frequent Travelers", "Oral Care Shoppers", "Pop Music Fans", "Indie & Alternative Music Fans", "Fast Food Junkies - HEC", "Women's Fashion Shoppers", "Gamers - HEC", "Money Minders", "Fast Food Junkies", "Gamers", "Olympics Enthusiasts", "Console & PC Gamers", "Shoppers - HEC", "Frequent Domestic Travelers - HEC", "Mobile Gamers", "Hipsters & Trendsetters", "Cosmetics Shoppers", "Green Living Enthusiasts", "Fun Trivia & Quiz Fanatics", "Investors & Entrepreneurs", "Home Decoristas", "Chat Fiction Enthusiasts", "Meme Watchers", "Advocates & Activists", "Cordcutters - HEC", "Drama Genre Fans - HEC", "Family Genre Fans - HEC", "Discount & Thrifty Shoppers", "Shoppers", "Reality TV Fans", "Luxury Shoppers", "Department Store Shoppers", "Romance & Rom-Com Fans", "Online Shoppers", "Sports Fans", "Mobile Gamers - Puzzles", "Foodies", "Mobile Gamers - Sports", "Film & TV Fans - HEC", "Outdoor & Nature Enthusiasts - HEC", "Pet & Animal Lovers - HEC", "Mobile Gamers - Strategy", "Mobile Gamers - Mid-Core and Hardcore", "Coffee Lovers", "Comics & Animation Fans", "Mobile Gamers - Match", "Bookworms & Avid Readers", "Comics & Animation Fans - HEC", "Crypto Enthusiasts", "Beauty Mavens", "Photographers"], "Geographic Information": [], "Interactions": {"Web Interactions": ["anz.co.nz", "blendjet.com", "google.com", "afterpay.com", "self.com", "tsbliving.co.nz", "banggood.com", "snapchat.com", "co.nz", "ubereats.com", "glassons.com", "noelleeming.co.nz", "torpedo7.co.nz", "bunnings.co.nz", "thewarehouse.co.nz", "pearlii.com", "booking.com"], "App Interactions": ["https://itunes.apple.com/us/app/id587366035", "https://itunes.apple.com/us/app/id664575829", "https://itunes.apple.com/us/app/id324684580", "https://play.google.com/store/apps/details?id=net.supertreat.solitaire", "https://play.google.com/store/apps/details?id=com.reddit.frontpage", "https://itunes.apple.com/us/app/id1445691600", "https://play.google.com/store/apps/details?id=com.zhiliaoapp.musically", "https://itunes.apple.com/us/app/id1223338261", "https://play.google.com/store/apps/details?id=com.pinterest", "https://play.google.com/store/apps/details?id=com.quora.android", "https://play.google.com/store/apps/details?id=com.paypal.android.p2pmobile", "https://play.google.com/store/apps/details?id=com.netflix.mediaclient", "https://play.google.com/store/apps/details?id=com.mobisystems.mobiscanner", "https://itunes.apple.com/us/app/id1262148500", "https://play.google.com/store/apps/details?id=com.sonypicturestelevision.millionaire", "https://play.google.com/store/apps/details?id=com.word.wordy.wordscape.wordrelax", "https://play.google.com/store/apps/details?id=com.contextlogic.wish", "https://itunes.apple.com/us/app/id509987785", "https://itunes.apple.com/us/app/id1199882006", "https://play.google.com/store/apps/details?id=com.snapchat.android", "https://play.google.com/store/apps/details?id=com.playrix.fishdomdd.gplay", "https://itunes.apple.com/us/app/id1483058899", "https://play.google.com/store/apps/details?id=com.booking", "https://itunes.apple.com/us/app/id354902315", "https://play.google.com/store/apps/details?id=com.facebook.katana", "https://play.google.com/store/apps/details?id=com.productmadness.cashmancasino", "https://itunes.apple.com/us/app/id892521917", "https://play.google.com/store/apps/details?id=com.trustedapp.qrcodebarcode"]}, "Off-Platform Sharing": [{"Share Destination": "Auto Copy Link", "Date": "2022-01-04 08:35:56 UTC", "Media Type": "None", "Shared URL": "https://www.snapchat.com/unlock/?type=SNAPCODE&uuid=15b4d23caeb046e2a09be55f9fc7d3e0&metadata=01&share_id=NTg1OTM2&locale=en_NZ"}, {"Share Destination": "Auto Copy Link", "Date": "2022-01-04 08:35:25 UTC", "Media Type": "None", "Shared URL": "https://www.snapchat.com/unlock/?type=SNAPCODE&uuid=0982f5047ade44a8ba85d48ed2784130&metadata=01&share_id=OTYxRkIz&locale=en_NZ"}], "Mobile Ad Id": "272e4843-c022-49ed-ba9e-e3051c6885cb"}